id,domain,status,purchase_price,renewal_price,attractiveness,demand,length,registrar,created_at,expires_at,status_verified_at
6b8bf7e9-2cad-4e67-b440-952aef349c96,political.democrat,premium,78.54,78.54,high,low,9,namesilo,,,27/09/2026 04:28
172d5431-1e56-4dac-8822-52791c5a073a,political.voto,premium,128.7,128.7,high,low,9,namecheap,,,27/09/2026 04:28
4fe2c6de-d69b-4492-aa6d-97210d12401a,government.republican,premium,118.8,118.8,high,low,10,namesilo,,,24/09/2026 22:50
4b460e84-4e95-479b-af2f-ddb0f842e492,government.democrat,premium,118.8,118.8,high,low,10,namesilo,,,24/09/2026 22:50
c35ed87d-a85d-44c4-a966-77a65eb6866e,government.law,resell,,,high,low,10,"GoDaddy.com, LLC",14/08/2020 09:09,14/08/2027 09:09,26/09/2026 06:27
ee5ab216-7324-4b97-8f5e-c29840390aca,government.expert,premium,512,512,high,low,10,namesilo,,,24/09/2026 22:50
366add00-adb7-4332-9bad-99e9d206017f,government.press,premium,1995,1995,high,low,10,namesilo,,,24/09/2026 22:50
96a05bbc-9e98-4b1b-b5f8-5b873cd85143,government.city,premium,23.6,23.6,high,low,10,namesilo,,,24/09/2026 22:50
272af9db-e425-4ddf-a103-8e54d7931a8b,political.town,available,8.99,36.49,high,low,9,namesilo,,,27/09/2026 04:28
e582e945-ba45-4386-a9b4-3a6bd6a9af27,government.gmbh,available,45.99,45.99,high,low,10,namesilo,,,24/09/2026 22:50
d9133b81-a36f-4f4b-a0c5-c1444ce3ac01,government.voto,premium,128.7,128.7,high,low,10,namecheap,,,24/09/2026 22:50
92ae20ba-8cc3-430f-8286-2c444e5d379c,political.holdings,available,67.98,81.98,high,low,9,namecheap,,,27/09/2026 04:28
ac7ba7c2-e8ad-4910-8de7-124db02b1a90,government.review,premium,3450,116,high,low,10,namesilo,,,24/09/2026 22:50
fe604efe-86d1-4089-913e-41de26a89315,government.industries,premium,118.8,118.8,high,low,10,namesilo,,,24/09/2026 22:50
b857d455-389d-4076-a22a-9dff168f5e49,government.pro,resell,,,high,low,10,"Name.com, Inc.",02/08/2006 00:00,02/08/2027 00:00,26/09/2026 06:27
5cd1d974-6c48-4f37-8733-29e947cbe59d,government.icu,premium,74.75,149.5,high,low,10,namecheap,,,24/09/2026 22:50
82d7be58-b2e5-4fa8-8890-87d1ba3df321,government.apartments,available,57.99,57.99,high,low,10,namesilo,,,24/09/2026 22:50
40a6c697-3c05-40a9-95c2-929f5210916b,political.srl,available,31.99,31.99,high,low,9,namesilo,,,27/09/2026 04:28
9fd44c5a-62cd-4899-b584-b66dbfac7b17,government.market,premium,512,512,high,low,10,namesilo,,,24/09/2026 22:50
a9b6b5ec-f807-48a7-b267-1ff3046331c4,government.adult,available,69.98,166.98,high,low,10,namecheap,,,24/09/2026 22:50
b0bf11b9-095a-4d7d-a6e4-371d67d487dc,government.club,premium,1107,17.7,high,low,10,namesilo,,,24/09/2026 22:50
df9ebe7a-d70f-47f3-b62b-1dc674fe2913,political.zone,resell,,,high,low,9,Porkbun LLC,27/04/2014 16:00,27/04/2027 16:00,27/09/2026 04:28
be4b5147-7179-42f4-8a3d-72a0f2e285e9,government.mx,resell,,,high,low,10,GoDaddy.com,09/10/2009 00:00,08/10/2027 00:00,26/09/2026 06:27
f692a182-f7fa-44e6-858c-b4df158fad07,political.gripe,premium,38.94,38.94,high,low,9,namesilo,,,27/09/2026 04:28
88c41b69-2fd9-4f0e-a6c1-93a0b3df17e0,government.game,available,309.99,429.99,high,low,10,namesilo,,,24/09/2026 22:50
504b4444-b9d9-48ed-b606-73c44a004ccd,government.prof,premium,427.7,427.7,high,low,10,namecheap,,,24/09/2026 22:50
60ef7939-b33c-42c4-bd9c-e0b44e3a8e3e,government.sarl,available,6.99,6.99,high,low,10,namesilo,,,24/09/2026 22:50
8d5e3031-4756-4094-b563-48845d02a084,government.diet,available,104.99,114.99,high,low,10,namesilo,,,24/09/2026 22:50
2b1a0e34-7458-4a61-a7e0-04583857bcb0,government.cricket,premium,448,53.92,high,low,10,namesilo,,,24/09/2026 22:50
89fc726c-58d0-4aca-9f83-915f899d2abe,government.now,premium,116,116,high,low,10,namesilo,,,24/09/2026 22:50
d26718a6-0c59-461e-b19d-b71dd8adddff,political.london,premium,63.07,31.27,high,low,9,namesilo,,,27/09/2026 04:28
fc7394f4-d346-4ef4-8828-f3b83c2cdb30,government.credit,premium,242,242,high,low,10,namesilo,,,24/09/2026 22:50
1af7f93d-b505-4544-ae44-c2e6dccd295c,government.kim,available,12.99,23.49,high,low,10,namesilo,,,24/09/2026 22:50
f6c9ca7c-97b8-4f4a-a924-8e41801a879b,government.autos,available,1.99,17.29,high,low,10,namesilo,,,24/09/2026 22:50
82169b3a-faa5-4d60-b832-06a14b1c6728,government.vote,premium,192,192,high,low,10,namesilo,,,24/09/2026 22:50
e3e97a3c-3da7-45bd-9852-7323666810b6,government.xyz,resell,,,high,low,10,Dynadot Inc,17/08/2021 01:03,17/08/2027 23:59,26/09/2026 06:27
8b571881-d6a6-4b3f-b83f-2b1b7b0663cf,government.fan,premium,128.7,128.7,high,low,10,namecheap,,,24/09/2026 22:50
5246e22b-1cd8-48ff-ae9b-178a80d11402,political.store,premium,1107,1107,high,low,9,namesilo,,,27/09/2026 04:28
c1b45989-2e48-4586-9397-afb5af0002fc,government.jetzt,available,23.99,23.99,high,low,10,namesilo,,,24/09/2026 22:50
7ad4e28f-e023-480d-9f6a-5be588a8afe1,government.paris,available,66.98,66.98,high,low,10,namecheap,,,24/09/2026 22:50
e9b763c3-7bea-4e5e-9ee9-f817c23f1b55,government.luxury,available,49.99,,high,low,10,name.com,,,24/09/2026 22:50
6c1f7054-899b-44db-8ee4-1066c1d485f1,government.xxx,resell,154.98,,high,low,10,"GoDaddy.com, LLC",20/06/2026 09:51,20/06/2027 09:51,26/09/2026 06:27
11da4b12-3fba-462a-bcc7-8b121bcd0145,government.science,premium,6900,116,high,low,10,namesilo,,,24/09/2026 22:50
5a8e207a-2660-4766-9c2b-39105d5b8783,government.faith,available,11.99,11.99,high,low,10,namesilo,,,24/09/2026 22:50
468ab5aa-a392-4873-b085-ed33b09cae68,government.college,premium,640,640,high,low,10,namesilo,,,24/09/2026 22:50
486c93d3-075f-431f-9886-2f5b4e8bbbe5,political.faith,premium,116,29.5,high,low,9,namesilo,,,27/09/2026 04:28
49723c6f-a1ba-4809-a338-c0274a9af96d,government.yoga,available,32.49,32.49,high,low,10,namesilo,,,24/09/2026 22:50
6b5c8d2e-0912-4336-a182-55a669728119,political.theatre,available,509.99,529.99,high,low,9,namesilo,,,27/09/2026 04:28
ba6fa300-4f3d-445d-bd7f-707a76522548,political.army,available,18.99,39.99,high,low,9,namesilo,,,27/09/2026 04:28
92a6d9f5-9c4a-424c-b816-e8826967e5f1,government.investments,premium,512,512,high,low,10,namesilo,,,24/09/2026 22:50
06e7b1ae-c1db-4bf7-8202-0b14217ec61f,government.rentals,premium,118.8,118.8,high,low,10,namesilo,,,24/09/2026 22:50
a02d9692-f643-46c1-9f2b-9726e65ce639,government.hot,premium,116,116,high,low,10,namesilo,,,24/09/2026 22:50
58316fe3-258f-4e14-971c-8448b7ee5252,government.shopping,available,26.99,26.99,high,low,10,namesilo,,,24/09/2026 22:50
4eec07b9-574e-4718-bd01-943cb5f2e645,political.navy,available,41.99,41.99,high,low,9,namesilo,,,27/09/2026 04:28
b6ff384a-a988-4c88-93a8-593e85db8131,government.mov,premium,76.7,76.7,high,low,10,namecheap,,,24/09/2026 22:50
4ff937ec-fc02-4118-a1ec-6b2431328eb0,political.gay,premium,302.5,302.5,high,low,9,namesilo,,,27/09/2026 04:28
d5cf2604-583d-4983-8269-7aaf135dab0a,political.country,available,2298,2450,high,low,9,namecheap,,,27/09/2026 04:28
5bf58e0e-30af-4160-9abe-1ef1bdde3fd4,political.contact,available,14.99,14.99,high,low,9,namesilo,,,27/09/2026 04:28
b57c3536-9442-4ea7-a2a2-c33212616a3e,political.lgbt,premium,78.54,78.54,high,low,9,namesilo,,,27/09/2026 04:28
de2bdb5e-ef2c-4d94-897f-4f57fbd4351c,government.ing,premium,845,845,high,low,10,namecheap,,,24/09/2026 22:50
d3382103-9f0c-417b-aa8c-5229bfeb1d9c,political.science,premium,6500,130,high,low,9,namecheap,,,27/09/2026 04:28
82dc578d-25bd-40eb-b77b-8a8432992943,political.men,resell,,,high,low,9,Dynadot Inc,06/06/2016 06:01,06/06/2027 06:01,27/09/2026 04:28
0b6ba25a-6642-4d48-ab73-aa5a7135afa6,political.media,resell,,,high,low,9,"GoDaddy.com, LLC",02/03/2025 15:15,02/03/2027 15:15,27/09/2026 04:28
df7753ad-3aad-4a95-80a9-d83b8b90c9a3,political.financial,available,23.99,58.99,high,low,9,namesilo,,,27/09/2026 04:28
e99e8440-e8e2-40d9-b23a-ba8d50dd57fd,political.ong,available,18.98,24.98,high,low,9,namecheap,,,27/09/2026 04:28
b753a28b-0793-493c-b73a-d201035b5f49,political.rocks,available,11.99,21.99,high,low,9,namesilo,,,27/09/2026 04:28
6c8976e5-faec-4b89-869b-8c9dc2972607,political.you,premium,53.92,53.92,high,low,9,namesilo,,,27/09/2026 04:28
c1b38d39-5516-4353-87eb-c33f1f6522aa,political.makeup,available,1.8,21.98,high,low,9,namecheap,,,27/09/2026 04:28
886d4625-6742-43ef-b807-e2d3d46e79b6,government.green,premium,302.5,302.5,high,low,10,namesilo,,,24/09/2026 22:50
6d24ebc9-10b0-46f1-ad69-a615287cbb7c,government.watch,premium,520,520,high,low,10,namecheap,,,24/09/2026 22:50
60057777-06f2-4294-825a-c4677a85c404,government.energy,premium,512,512,high,low,10,namesilo,,,24/09/2026 22:50
558ab037-c0e2-4338-af94-1f98e69f5bd0,government.page,premium,318.72,318.72,high,low,10,namesilo,,,24/09/2026 22:50
2e06affa-20f3-4a71-b605-df3585c8fc51,political.institute,available,9.99,27.49,high,low,9,namesilo,,,27/09/2026 04:28
66c92332-b0c2-45e4-b9ff-6130599b48b7,government.glass,available,72.99,72.99,high,low,10,namesilo,,,24/09/2026 22:50
67d35828-3094-4129-b7c4-76ddab192867,political.solutions,premium,118.8,118.8,high,low,9,namesilo,,,27/09/2026 04:28
98a1d694-477e-42bc-bfb9-41e0041e112e,government.store,premium,812.5,3250,high,low,10,namecheap,,,24/09/2026 22:50
bc367f5c-b105-4942-89a8-04b3de0590df,political.tech,premium,6900,6900,high,low,9,namesilo,,,27/09/2026 04:28
4e31b38a-b4a4-49a5-9436-1a2080828ebb,political.fyi,premium,19.5,19.5,high,low,9,namecheap,,,27/09/2026 04:28
a91c2c7c-af5e-4d55-bbbf-80e7d63a2fbe,government.cab,available,32.99,32.99,high,low,10,namesilo,,,24/09/2026 22:50
14c673d9-d70d-488d-a6f5-5178b4ca85fb,government.organic,available,17.99,85.99,high,low,10,namesilo,,,24/09/2026 22:50
8b232ea8-8cff-45bc-b604-a8eb5dcab94e,political.degree,premium,71.4,71.4,high,low,9,namesilo,,,27/09/2026 04:28
0476f6a4-f821-4f1f-b52b-2b40002abef0,political.menu,available,27.99,27.99,high,low,9,namesilo,,,27/09/2026 04:28
5e12c648-a9cc-4ee8-8efa-208bd45842ce,government.holdings,premium,118.8,118.8,high,low,10,namesilo,,,24/09/2026 22:50
02f7c645-352f-4410-9a6a-0d273f156250,government.farm,available,15.99,38.99,high,low,10,namesilo,,,24/09/2026 22:50
8f7bef9c-2537-4ade-b566-e344104ee7bf,government.capital,premium,242,242,high,low,10,namesilo,,,24/09/2026 22:50
2fb5b195-0866-4b6d-805f-3856c4e19ec9,political.pro,resell,,,high,low,9,"Sav.com, LLC - 21",24/06/2023 17:00,24/06/2027 17:00,27/09/2026 04:28
e676fa93-9fb5-44d8-9a66-53bf1ba263ff,government.moi,available,25.99,25.99,high,low,10,namesilo,,,24/09/2026 22:50
4c9c1e9c-3084-474d-9176-ed09d564d59c,political.futbol,available,7.49,17.99,high,low,9,namesilo,,,27/09/2026 04:28
e85467fe-1e4d-4a15-af1b-2566c4a0eece,government.business,premium,1040,1040,high,low,10,namecheap,,,24/09/2026 22:50
58564b36-84ad-4cc4-839f-90edc7377fe5,political.pet,available,6.98,35.98,high,low,9,namecheap,,,27/09/2026 04:28
168643f6-b051-4e4c-b288-ed1a1ac35952,political.reviews,premium,118.8,118.8,high,low,9,namesilo,,,27/09/2026 04:28
810e071f-dba4-46ce-98df-dc60b613336b,government.date,premium,384,53.92,high,low,10,namesilo,,,24/09/2026 22:50
fe766514-c723-47ea-83c4-087ffdd1bf27,political.care,available,10.98,59.98,high,low,9,namecheap,,,27/09/2026 04:28
0cb4c7cf-a5d7-4533-8c8a-7e176a46b1c8,political.bayern,available,34.99,34.99,high,low,9,namesilo,,,27/09/2026 04:28
158c637a-a2f3-484e-9018-106fb3527283,government.site,premium,1625,6500,high,low,10,namecheap,,,24/09/2026 22:50
d52ee82d-cdf5-41ef-995b-ec5cb33e91d7,political.limo,available,54.99,54.99,high,low,9,namesilo,,,27/09/2026 04:28
1a34fcd6-e18f-4043-8fba-b75fad506be3,government.hockey,available,59.99,59.99,high,low,10,namesilo,,,24/09/2026 22:50
b2cbd232-a6c9-4ccb-9d71-16125f555112,political.cloud,premium,6900,6900,high,low,9,namesilo,,,27/09/2026 04:28
aac2a75c-00d4-421e-9a3e-523165ad6e71,political.icu,premium,74.75,149.5,high,low,9,namecheap,,,27/09/2026 04:28
c7640a73-5208-4c6f-9f98-cf587e7d375f,political.salon,available,57.99,57.99,high,low,9,namesilo,,,27/09/2026 04:28
d0699753-c1ee-4ded-83d4-877ac7c29912,government.locker,premium,318.46,8.8,high,low,10,namesilo,,,24/09/2026 22:50
565569a0-5f68-41a5-9ed4-a170d2ca4d65,political.clothing,available,31.98,35.68,high,low,9,namecheap,,,27/09/2026 04:28
355f78b5-4482-4424-ac48-bd31cf4bf7fe,political.sexy,available,2749.99,2749.99,high,low,9,namesilo,,,27/09/2026 04:28
a0a026b3-66e4-461f-93db-59b226e4995a,political.hockey,available,59.99,59.99,high,low,9,namesilo,,,27/09/2026 04:28
461bf90e-2558-4323-93ef-542f10a0e5d6,government.loan,premium,13800,116,high,low,10,namesilo,,,24/09/2026 22:50
b51fd876-c63b-449e-b0da-200bfcd9593a,political.club,premium,1107,17.7,high,low,9,namesilo,,,27/09/2026 04:28
7ae1f28e-23e3-4696-9b26-4db8083aa25b,political.ltd,available,8.99,30.99,high,low,9,namesilo,,,27/09/2026 04:28
f6dc89b8-9dc4-41e9-80c4-9969cd2ba23a,political.travel,available,27.99,149.99,high,low,9,namesilo,,,27/09/2026 04:28
d92b3a87-0004-49f9-8f85-d1525ff1698d,government.archi,available,19.99,103.99,high,low,10,namesilo,,,24/09/2026 22:50
432a6c9f-3f30-404a-a23b-9b7f4473e75b,government.lgbt,premium,78.54,78.54,high,low,10,namesilo,,,24/09/2026 22:50
d792cce0-5d24-4a6a-8150-1a5602ab6c2b,political.protection,available,2070,2950,high,low,9,namecheap,,,27/09/2026 04:28
e288552e-5a6b-4c25-9411-f98263912340,political.house,available,19.99,44.49,high,low,9,namesilo,,,27/09/2026 04:28
3a430431-48f9-416d-819f-8348c9529636,political.report,premium,78.54,78.54,high,low,9,namesilo,,,27/09/2026 04:28
2f942fa8-75cf-47d7-a7af-ac291df4867f,government.day,premium,323.7,323.7,high,low,10,namecheap,,,24/09/2026 22:50
1e22180f-ceea-436f-98ba-13c7e8ed5588,political.productions,premium,78.54,78.54,high,low,9,namesilo,,,27/09/2026 04:28
e3c3750a-53ea-410a-9cc4-08f93bfe41f3,government.at,resell,,,high,low,10,eu-nemesis.at web invest gmbh & co KG ( https://nic.at/registrar/664 ),,,26/09/2026 06:27
92c3187e-9468-4671-b270-9e0b62b1930f,political.ltda,available,34.99,34.99,high,low,9,namesilo,,,27/09/2026 04:28
f5decfb4-dce1-4a4d-88a8-7b8eb2f83584,government.consulting,premium,1107,1107,high,low,10,namesilo,,,24/09/2026 22:50
4bafa701-f9d1-4458-bd36-025884ff91f0,government.limited,available,36.99,36.99,high,low,10,namesilo,,,24/09/2026 22:50
b2437f3c-79f9-451b-b96f-03e0b77439b4,political.kiwi,premium,81.9,81.9,high,low,9,namecheap,,,27/09/2026 04:28
67bdf09d-fff7-416d-a838-2879004d92f6,government.solar,available,67.98,81.98,high,low,10,namecheap,,,24/09/2026 22:50
14b9d3aa-604a-4999-b1fe-f3ec9cc84e3f,political.phd,premium,115.7,115.7,high,low,9,namecheap,,,27/09/2026 04:28
003f680e-ee3c-479c-97c3-3b833efb8cc7,political.vision,premium,118.8,118.8,high,low,9,namesilo,,,27/09/2026 04:28
064bb882-f542-4a4d-8caf-bc9380b14e40,political.lawyer,premium,4140,4140,high,low,9,namesilo,,,27/09/2026 04:28
1cb588f5-f293-441b-bd06-ee4d5f191e95,government.com,resell,,,high,low,10,"NameCheap, Inc.",17/02/1999 05:00,17/02/2027 05:00,26/09/2026 06:27
f877a52d-4e0c-4ead-a45c-4764fc768d8c,political.villas,available,59.99,59.99,high,low,9,namesilo,,,27/09/2026 04:28
78bebb2c-8096-450c-8788-ebcec2692a4a,government.holiday,available,64.99,64.99,high,low,10,namesilo,,,24/09/2026 22:50
1f9cde1f-34d5-4b9e-a268-37d5e7a19f3b,political.republican,available,7.49,28.99,high,low,9,namesilo,,,27/09/2026 04:28
5c5d09f6-b4f3-44bb-8446-9ed3cbd47760,political.direct,available,17.99,41.99,high,low,9,namesilo,,,27/09/2026 04:28
e7d4de55-bcd7-4264-9a6f-056c45f0b765,government.beer,available,1.98,43.98,high,low,10,namecheap,,,24/09/2026 22:50
32cad4f1-3fb4-4ffc-b8eb-6c4248fea4fc,political.vc,available,32.98,41.98,high,low,9,namecheap,,,27/09/2026 04:28
b73e1de6-2018-403c-88e7-1899a03b07d5,political.attorney,premium,4140,4140,high,low,9,namesilo,,,27/09/2026 04:28
4dc9e745-33aa-4ac9-8d4a-278ce9c7c64f,government.villas,available,59.99,59.99,high,low,10,namesilo,,,24/09/2026 22:50
5f22b360-a1e8-41ba-bcb4-2231ec2b4eac,government.moda,available,41.99,41.99,high,low,10,namesilo,,,24/09/2026 22:50
792f664f-f0d4-4223-8de9-5083e71b0887,political.rip,available,23.49,23.49,high,low,9,namesilo,,,27/09/2026 04:28
fa9845d7-5558-40ea-a97d-93037d32c66d,government.photos,resell,,,high,low,10,"Spaceship, Inc.",05/03/2014 20:11,05/03/2027 20:11,26/09/2026 06:27
d81ecfc1-f511-4eeb-a894-8eeb63772026,government.observer,premium,32.5,32.5,high,low,10,namecheap,,,24/09/2026 22:50
8e9f8a30-d1ad-47bd-baa4-06bedb354f43,government.film,premium,116,116,high,low,10,namesilo,,,24/09/2026 22:50
d193f245-f01e-438e-a7a1-b8e9aced869c,government.homes,resell,1.99,15.75,high,low,10,"Spaceship, Inc.",13/05/2026 07:42,13/05/2027 23:59,26/09/2026 06:27
8c5ce820-c4d0-4bb5-92e8-3b72cf5d8ff2,government.enterprises,available,11.49,35.99,high,low,10,namesilo,,,24/09/2026 22:50
7d7bf038-3625-4c5e-8cfa-73ffebae1be4,government.bike,available,5.98,48.98,high,low,10,namecheap,,,24/09/2026 22:50
e69d3f14-f5f5-48ef-857d-fb6b1dc7cec9,government.blog,premium,640,2660,high,low,10,namesilo,,,24/09/2026 22:50
535b5723-5135-4398-8f35-87f6de16df0b,political.reisen,available,3.99,20.99,high,low,9,namesilo,,,27/09/2026 04:28
2b0ecdd6-eac2-421a-8273-37324382011a,government.foo,premium,76.7,76.7,high,low,10,namecheap,,,24/09/2026 22:50
9e1c0ff3-1718-4dcf-8bf4-25d9b174dbcf,government.futbol,available,5.98,21.98,high,low,10,namecheap,,,24/09/2026 22:50
326e814d-18c5-48b2-aa49-0989110d07f1,government.financial,premium,78.54,78.54,high,low,10,namesilo,,,24/09/2026 22:50
e1d75b2b-c76e-492e-84e1-751beb76bf92,government.pink,available,14.49,25.99,high,low,10,namesilo,,,24/09/2026 22:50
d6704965-8dc7-45cd-a7e6-adfd11c71374,political.webcam,available,12.98,17.98,high,low,9,namecheap,,,27/09/2026 04:28
0b1dac96-51dc-4cc3-8c33-10892bede000,political.lease,available,58.98,73.98,high,low,9,namecheap,,,27/09/2026 04:28
f8500fa0-93d9-4741-951a-263f9cc52c56,political.how,premium,53.3,53.3,high,low,9,namecheap,,,27/09/2026 04:28
7edea5c6-55ff-4c86-8a29-80978e3b7fe8,political.llc,premium,640,640,high,low,9,namesilo,,,27/09/2026 04:28
f5b3150e-85af-4ce9-9712-0a598306ed7f,government.claims,premium,118.8,118.8,high,low,10,namesilo,,,24/09/2026 22:50
f133c409-f7ee-4dbb-a74b-5c78aedd07d8,government.tires,available,5.99,78.99,high,low,10,namesilo,,,24/09/2026 22:50
d87b53d3-cda9-40d9-887a-926dfde36f7f,political.soy,premium,53.3,53.3,high,low,9,namecheap,,,27/09/2026 04:28
3b1fa7dc-7f36-427e-8098-4f11262eed67,political.forex,available,11.98,133.98,high,low,9,namecheap,,,27/09/2026 04:28
a65a3feb-4dd5-4e71-baeb-b7ed95ecd6c2,political.tattoo,available,34.99,34.99,high,low,9,namesilo,,,27/09/2026 04:28
48499701-2f34-4f7a-9cd9-3877f868c495,government.place,available,22.49,22.49,high,low,10,namesilo,,,24/09/2026 22:50
096c0959-0d71-44a4-8d7f-fc693e7a429c,government.vision,premium,85.8,85.8,high,low,10,namecheap,,,24/09/2026 22:50
94fca980-a830-4c59-9c8d-3274dee14a2f,political.hot,premium,116,116,high,low,9,namesilo,,,27/09/2026 04:28
e95c55d6-8068-470d-98f3-ec77f23d0a02,government.memorial,available,52.99,52.99,high,low,10,namesilo,,,24/09/2026 22:50
b494b375-8317-4619-9f67-fc97d9a1b0bc,government.partners,premium,118.8,118.8,high,low,10,namesilo,,,24/09/2026 22:50
829a6fb8-28cc-47e2-9c76-97d5d0b12250,government.inc,premium,2061.5,2660,high,low,10,namesilo,,,24/09/2026 22:50
1fc99517-8408-42b0-a1e9-987bffb3409f,government.diamonds,available,54.99,54.99,high,low,10,namesilo,,,24/09/2026 22:50
d0c157e0-4871-4759-9e7c-8f3297409272,political.doctor,available,14.49,116.99,high,low,9,namesilo,,,27/09/2026 04:28
ccfa3fb6-39d0-41be-af10-89ee6ac445d7,political.gallery,available,28.99,28.99,high,low,9,namesilo,,,27/09/2026 04:28
3125b579-bfd5-4432-bb46-28679743f681,government.accountant,premium,640,77.35,high,low,10,namesilo,,,27/09/2026 03:23
71cb7e18-88d6-4c12-98e4-733e2decff45,political.green,premium,640,640,high,low,9,namesilo,,,27/09/2026 04:28
7c58cef3-9f29-4ce9-9338-33dd52e34609,political.shopping,available,26.99,26.99,high,low,9,namesilo,,,27/09/2026 04:28
00fb96fb-3f40-43ae-b00e-ee8a59aa9ef3,government.mortgage,premium,242,242,high,low,10,namesilo,,,24/09/2026 22:50
363ac9af-a175-4106-9264-aadf096c3c2c,government.porn,available,69.98,154.98,high,low,10,namecheap,,,24/09/2026 22:50
260aee3a-66dd-4e99-afbb-0221db364b72,government.tickets,available,359.99,488.88,high,low,10,namesilo,,,24/09/2026 22:50
15d8ecd4-5a2c-4cfc-8367-32a1aad4fafa,government.flowers,available,64.99,114.99,high,low,10,namesilo,,,24/09/2026 22:50
20dc23ca-98ef-47a2-b632-36e83ca55089,political.cab,available,33.98,41.98,high,low,9,namecheap,,,27/09/2026 04:28
f2000164-089e-4870-8ecf-73fff85bb8fb,government.fishing,available,32.49,32.49,high,low,10,namesilo,,,24/09/2026 22:50
c462e866-eed9-4e16-8583-283ac2a436be,government.you,premium,53.92,53.92,high,low,10,namesilo,,,24/09/2026 22:50
3d1c2a07-01b1-4bed-aca6-c2c4fde9f9ce,government.talk,premium,71.4,71.4,high,low,10,namesilo,,,24/09/2026 22:50
f70f74b7-862b-4b51-b982-6ad4631f651d,political.tennis,available,65.99,65.99,high,low,9,namesilo,,,27/09/2026 04:28
9ab8d7c9-e97f-4d28-869e-1364721719dc,political.voyage,available,58.99,58.99,high,low,9,namesilo,,,27/09/2026 04:28
def5415d-64db-4fd3-96f0-4ea177f5a4b7,government.dad,premium,323.7,323.7,high,low,10,namecheap,,,24/09/2026 22:50
e32f564b-029a-4300-80ec-844753488477,government.healthcare,premium,854,854,high,low,10,namesilo,,,24/09/2026 22:50
69e9beb6-0de7-48a2-b1e6-b32044f072f4,political.immobilien,available,39.98,43.98,high,low,9,namecheap,,,27/09/2026 04:28
f2a66ed8-f2a0-441f-8d20-e31ef6deb54d,political.industries,available,47.98,58.98,high,low,9,namecheap,,,27/09/2026 04:28
045557bf-dfda-4f9a-a353-9238e8de796c,government.info,resell,,,high,low,10,"GoDaddy.com, LLC",03/08/2001 14:40,03/08/2028 14:40,26/09/2026 06:27
49f947d7-1dd1-4d95-bb15-d349fd41a940,political.moe,available,13.99,13.99,high,low,9,namesilo,,,27/09/2026 04:28
aaa0f830-76c4-42a6-9a5c-7d102c498d07,government.tools,premium,118.8,118.8,high,low,10,namesilo,,,24/09/2026 22:50
17140919-f062-47d0-8376-655db525d68e,political.college,available,17.99,59.99,high,low,9,namesilo,,,27/09/2026 04:28
ce6d6330-dffa-4a66-aed6-064abeba2e95,political.works,available,7.99,38.99,high,low,9,namesilo,,,27/09/2026 04:28
804c2843-4d5f-4e20-b3c4-b91d52bac3c2,government.rodeo,available,12.99,12.99,high,low,10,namesilo,,,24/09/2026 22:50
80534f28-b818-4275-8eb9-71b084969829,government.mobi,resell,,,high,low,10,"Ascio Technologies, Inc. Danmark - Filial af Ascio technologies, Inc. USA",26/09/2006 14:02,26/09/2027 14:02,28/09/2026 04:42
2d5a555f-2271-4168-8d00-7aaaec747c69,political.deal,premium,116,116,high,low,9,namesilo,,,27/09/2026 04:28
e73a9383-d3ac-42a6-97b0-b677a38085e1,government.engineering,premium,118.8,118.8,high,low,10,namesilo,,,24/09/2026 22:50
97068156-c033-4814-829d-fab549bfae6c,government.party,premium,448,53.92,high,low,10,namesilo,,,24/09/2026 22:50
3515316d-f8d8-497d-9251-ce332ff27c7f,government.condos,available,58.99,58.99,high,low,10,namesilo,,,24/09/2026 22:50
73123e00-4b21-4d0a-8ea4-834ac5be4037,political.mov,premium,167.7,167.7,high,low,9,namecheap,,,27/09/2026 04:28
f25e5fac-22c1-455f-89c5-8cfe87cb7eda,government.auction,premium,512,512,high,low,10,namesilo,,,24/09/2026 22:50
7d59f151-b90d-432c-8705-643f7e325baa,political.foundation,available,14.99,23.99,high,low,9,namesilo,,,27/09/2026 04:28
aa29fb42-ee38-4711-9a83-899d117fd528,government.vc,resell,,,high,low,10,Dynadot Inc,22/08/2021 01:07,22/08/2027 01:07,26/09/2026 06:27
6aaaf242-d630-4351-8736-dfa46a2097bf,political.diy,available,5.49,39.99,high,low,9,namesilo,,,27/09/2026 04:28
f77cc42d-e71e-4f07-a89d-659cae1cb949,government.mobile,premium,1300,1300,high,low,10,namecheap,,,24/09/2026 22:50
17f6e546-a110-49f5-929b-f19ade925c9a,political.xyz,resell,,,high,low,9,"GoDaddy.com, LLC",02/06/2014 16:25,02/06/2027 23:59,27/09/2026 04:28
6b1cc2be-d29c-4191-9a09-a6b099e83b5a,political.hamburg,available,69.98,73.98,high,low,9,namecheap,,,27/09/2026 04:28
159ef69f-3ac2-4754-b1a3-94a01c83dd3e,political.hiv,available,195.99,195.99,high,low,9,namesilo,,,27/09/2026 04:28
21a89df8-4c09-4265-8487-6a189d7f684c,government.fish,available,44.49,44.49,high,low,10,namesilo,,,24/09/2026 22:50
86ab1c69-8029-4528-bc60-5d687de33697,government.rich,available,94.99,1999,high,low,10,namesilo,,,24/09/2026 22:50
933e2831-1b61-41f9-842d-93c894e3ab8a,government.attorney,premium,1300,1300,high,low,10,namecheap,,,24/09/2026 22:50
10da58d1-f431-4c50-92df-a4436a99dee6,political.osaka,available,32.98,41.98,high,low,9,namecheap,,,27/09/2026 04:28
6e34e9a6-3120-48e4-877e-5596652dc5da,government.audio,available,104.99,114.99,high,low,10,namesilo,,,24/09/2026 22:50
5691eb3b-cabf-4374-845c-22e1be1b8275,political.top,premium,96.82,96.82,high,low,9,namecheap,,,27/09/2026 04:28
cf39837f-0f76-4434-b4af-bd23bbdfe4b0,political.security,available,1999.99,2049.99,high,low,9,namesilo,,,27/09/2026 04:28
021b3fe1-4cce-4aa1-8152-14b08a2d47bc,government.spot,premium,116,116,high,low,10,namesilo,,,24/09/2026 22:50
ab1193f6-be1a-4f76-aed5-1a0933966545,government.voyage,available,58.99,58.99,high,low,10,namesilo,,,24/09/2026 22:50
842e10be-9447-4d05-8eeb-bf4a8ddc6297,government.gratis,available,24.98,31.98,high,low,10,namecheap,,,24/09/2026 22:50
149db16b-da20-4866-ac0e-e091bb9f2405,government.plumbing,available,72.99,72.99,high,low,10,namesilo,,,24/09/2026 22:50
24b70ba5-bd03-4497-9a80-7fbb75c8957d,government.how,premium,122.2,122.2,high,low,10,namecheap,,,24/09/2026 22:50
14f5824b-6859-4494-9d32-d61fa2d36cf7,political.foo,premium,167.7,167.7,high,low,9,namecheap,,,27/09/2026 04:28
7dff82a2-ce84-4a12-8d56-3bf6b2d205d5,political.boats,available,1.99,17.29,high,low,9,namesilo,,,27/09/2026 04:28
abd0fa27-bd92-4c6f-9fd8-6d503bf39a5d,political.builders,available,35.99,35.99,high,low,9,namesilo,,,27/09/2026 04:28
ec089ded-5c27-4064-9f03-f7375398c2ab,government.kaufen,available,5.99,26.99,high,low,10,namesilo,,,24/09/2026 22:50
a3c2e83b-7695-4357-a588-77e189d1c1bb,political.racing,premium,116,192,high,low,9,namesilo,,,27/09/2026 04:28
2c0b8244-1903-4170-b8d1-8cefc09ac5a4,political.baby,available,17.99,54.99,high,low,9,namesilo,,,27/09/2026 04:28
f95cb3b3-d36e-484b-a16e-e6e5b0c3d86e,government.baby,available,17.99,54.99,high,low,10,namesilo,,,24/09/2026 22:50
7792adc0-5f1f-4aee-80d4-790fc06891a8,government.jewelry,available,64.99,64.99,high,low,10,namesilo,,,24/09/2026 22:50
fce35fad-dfc8-45f8-a90c-cdb7aaeb91ab,political.date,premium,640,302.5,high,low,9,namesilo,,,27/09/2026 04:28
afd49dc4-95f6-43e3-9199-37019be6b433,political.solar,available,64.99,64.99,high,low,9,namesilo,,,27/09/2026 04:28
1612f5ea-b57f-45ad-87e8-b4bbe87e86bb,government.dealer,premium,4278,2660,high,low,10,namesilo,,,24/09/2026 22:50
d361a9cf-1510-442b-9d19-a77ddb6c09cb,political.mba,available,17.99,39.99,high,low,9,namesilo,,,27/09/2026 04:28
7d3f6168-b717-4887-99cd-a8e608de0149,government.phd,premium,427.7,427.7,high,low,10,namecheap,,,24/09/2026 22:50
9160886d-4cad-444a-86df-449d9bb9dc41,political.gives,available,14.99,23.99,high,low,9,namesilo,,,27/09/2026 04:28
0fee6b44-0039-408d-b732-f1a16737f23b,government.channel,premium,323.7,323.7,high,low,10,namecheap,,,24/09/2026 22:50
ef44aec3-8321-48f3-ae80-5535e36e3cee,government.pub,available,42.98,51.98,high,low,10,namecheap,,,24/09/2026 22:50
c2c073cc-53ea-4079-8c52-12a4260bcbcd,political.cx,available,18.99,18.99,high,low,9,namesilo,,,27/09/2026 04:28
42740258-b794-43b8-be05-1c1bf289a06c,political.yoga,available,32.49,32.49,high,low,9,namesilo,,,27/09/2026 04:28
69042844-7600-4ba6-8d14-6fd28bcae1fc,political.ooo,available,24.99,24.99,high,low,9,namesilo,,,27/09/2026 04:28
a959df52-3d81-4b05-b7dd-e2ed9a67e943,political.ag,available,89.99,79.99,high,low,9,namesilo,,,27/09/2026 04:28
a98b5e61-237a-4670-975f-b83b400581c0,political.vacations,available,40.98,49.98,high,low,9,namecheap,,,27/09/2026 04:28
8fcffc25-11f5-4a35-a53f-5ade1b2f9c03,government.global,premium,3312,53.92,high,low,10,namesilo,,,24/09/2026 22:50
d84f710e-1bf9-4f18-986d-da2c2ebfe89b,government.free,premium,130,130,high,low,10,namecheap,,,24/09/2026 22:50
15850014-0b3c-48b6-a1eb-d73299fe0087,government.house,premium,128.7,128.7,high,low,10,namecheap,,,24/09/2026 22:50
2949e0aa-072f-4da8-a46b-bdd1dc896680,government.equipment,available,28.99,28.99,high,low,10,namesilo,,,24/09/2026 22:50
c6c299ef-bb7a-4df2-a414-a56281ff01eb,political.capital,resell,,,high,low,9,Dynadot Inc,16/01/2025 09:17,16/01/2027 09:17,27/09/2026 04:28
3d4674a3-5848-4609-ab08-119bce394f3c,political.miami,available,23.49,23.49,high,low,9,namesilo,,,27/09/2026 04:28
e922cc67-3304-4e76-9554-790aec8d140f,government.pet,available,14.49,27.59,high,low,10,namesilo,,,24/09/2026 22:50
dbc3f3ec-bd42-4b6c-8211-1fdca7c25ac0,government.viajes,available,37.99,37.99,high,low,10,namesilo,,,24/09/2026 22:50
1320d841-b226-4d01-8adc-6b085d2f71fe,political.food,available,5.49,39.99,high,low,9,namesilo,,,27/09/2026 04:28
aa6f70b5-cdf3-4efc-ba2e-a9f791032b2f,government.link,premium,960,960,high,low,10,namesilo,,,24/09/2026 22:50
ae8dc237-c496-4839-926a-9e880b05bfb8,political.rsvp,premium,76.7,76.7,high,low,9,namecheap,,,27/09/2026 04:28
239f7cf3-62fb-4be2-84d2-00e3c2ea9bf8,political.archi,available,19.99,103.99,high,low,9,namesilo,,,27/09/2026 04:28
258f4415-9d3b-43ff-8727-6e84fff69bc1,government.country,available,2298,2450,high,low,10,namecheap,,,24/09/2026 22:50
dfc8c605-decb-4832-b352-d9029c1665c3,political.vin,available,8.99,59.99,high,low,9,namesilo,,,27/09/2026 04:28
95cd1373-a849-48d0-91a9-c1b66b209099,government.help,resell,,,high,low,10,"NameSilo, LLC",24/11/2017 23:27,24/11/2026 23:59,26/09/2026 06:27
9cc7f16a-3db0-4cbf-9194-13606c03e346,political.mom,available,1.8,45.98,high,low,9,namecheap,,,27/09/2026 04:28
651f020a-7d28-4001-b38b-44c36a8bd1e0,government.tv,resell,,,high,low,10,"GoDaddy.com, LLC",23/03/2010 16:42,23/03/2027 16:42,26/09/2026 06:27
57ff4bf0-bd8f-45aa-91cb-e490d130f0a5,government.florist,available,32.99,32.99,high,low,10,namesilo,,,24/09/2026 22:50
f75f93ba-b85c-446e-9c92-44803a208616,government.lighting,available,23.99,23.99,high,low,10,namesilo,,,24/09/2026 22:50
4b676421-d739-4de4-82b0-f45ff5cdb5ba,government.foundation,premium,85.8,85.8,high,low,10,namecheap,,,24/09/2026 22:50
decd71a5-820e-4d82-ab99-c50982b3035b,political.casino,available,14.99,159.99,high,low,9,namesilo,,,27/09/2026 04:28
f87733b1-64f5-4930-8771-1cc7f3aa476d,political.services,premium,42.9,85.8,high,low,9,namecheap,,,27/09/2026 04:28
5be57cbf-cc48-44eb-a9b6-2bd496117384,government.cfd,premium,74.75,149.5,high,low,10,namecheap,,,24/09/2026 22:50
edd4ac52-3555-435c-88d8-476a336a49ac,government.pictures,available,15.49,15.49,high,low,10,namesilo,,,24/09/2026 22:50
b5c359aa-2942-4869-a3c4-1be40acce41f,political.charity,available,7.48,37.98,high,low,9,namecheap,,,27/09/2026 04:28
84c5129d-813e-49a1-9e4a-899590bc000d,government.vegas,available,12.99,43.99,high,low,10,namesilo,,,24/09/2026 22:50
e3102176-e8eb-4e53-8c85-404a142817b3,government.cloud,premium,640,640,high,low,10,namesilo,,,24/09/2026 22:50
69354443-7edf-488d-a02e-91611cba3277,political.software,premium,242,242,high,low,9,namesilo,,,27/09/2026 04:28
22c255ab-c334-4216-827f-864b5392091c,political.condos,available,58.99,58.99,high,low,9,namesilo,,,27/09/2026 04:28
d82cbe33-4bb8-467a-95c4-3aef3433c65d,political.garden,available,1.98,43.98,high,low,9,namecheap,,,27/09/2026 04:28
8923740f-2d56-4bdf-98f6-9272e87c68de,government.boo,premium,323.7,323.7,high,low,10,namecheap,,,24/09/2026 22:50
6bb3f71f-ba19-42d5-8ce5-7abb9a3d54c6,political.uno,premium,302.5,302.5,high,low,9,namesilo,,,27/09/2026 04:28
deef718f-b887-43a6-abee-07bffc9474b0,government.repair,available,12.99,36.99,high,low,10,namesilo,,,24/09/2026 22:50
0aa6a0dc-d61f-41b4-832c-fab12799da56,political.onl,available,3.48,28.98,high,low,9,namecheap,,,27/09/2026 04:28
4f1343a1-da31-4a0d-8822-04ba6b3f02ea,government.tax,premium,854,854,high,low,10,namesilo,,,24/09/2026 22:50
5bea0491-2fe9-451b-af86-7e62558ef33b,government.srl,premium,54.28,30.68,high,low,10,namesilo,,,24/09/2026 22:50
5b41c5a9-dc2f-49e0-9d0c-6778d28d0c3a,government.tel,available,10.98,15.98,high,low,10,namecheap,,,24/09/2026 22:50
3a97878e-bb67-4a25-a689-884b593854b8,political.haus,available,14.99,33.99,high,low,9,namesilo,,,27/09/2026 04:28
d8e8b426-7805-49a3-a5ed-a273e9c24c83,political.codes,available,8.99,71.99,high,low,9,namesilo,,,27/09/2026 04:28
f1d03592-5a77-4d88-8433-178fa8cb77eb,government.news,premium,1107,1107,high,low,10,namesilo,,,24/09/2026 22:50
33d02366-198b-4f51-933c-c8101bb52b31,government.soccer,available,25.99,25.99,high,low,10,namesilo,,,24/09/2026 22:50
b4e4d103-da64-45e3-a71e-6de919556290,political.luxe,available,19.49,19.49,high,low,9,namesilo,,,27/09/2026 04:28
ffa7ab5e-d94f-43ad-af3e-bae6d9c178c5,political.discount,available,30.99,30.99,high,low,9,namesilo,,,27/09/2026 06:33
f3d0974f-b62b-4cda-b3c5-9f15848bc296,political.inc,premium,2015,2600,high,low,9,namecheap,,,27/09/2026 04:28
725d616f-45fc-4462-a096-800a161a8e76,political.taxi,available,10.99,62.99,high,low,9,namesilo,,,27/09/2026 04:28
6fab03d1-988e-405d-b2de-cf8f1fcf2941,government.fitness,available,8.99,41.99,high,low,10,namesilo,,,24/09/2026 22:50
bcead7c0-8b6b-406a-97e1-95bf9e713ef9,political.press,premium,6900,6900,high,low,9,namesilo,,,27/09/2026 04:28
447437c9-4959-4cf6-a8d5-629a1eb240b0,political.desi,available,19.98,22.98,high,low,9,namecheap,,,27/09/2026 04:28
178cab29-a075-4ef6-9a5f-78629089540b,government.onl,available,5.49,23.49,high,low,10,namesilo,,,24/09/2026 22:50
b83f70f9-48a5-4755-a935-dbe5755c9d1d,political.ryukyu,available,17.98,22.98,high,low,9,namecheap,,,27/09/2026 04:28
21950bde-116b-4aaa-9ecf-8716ea48f8a4,government.garden,available,2.19,32.49,high,low,10,namesilo,,,24/09/2026 22:50
12cb5b9b-5170-41c4-baae-dc1181a73ab3,political.healthcare,available,88.99,88.99,high,low,9,namesilo,,,27/09/2026 04:28
9bb6b54b-8240-4735-b905-da343daf6d9c,government.supplies,available,24.99,24.99,high,low,10,namesilo,,,24/09/2026 22:50
1df0533c-158b-4444-9e1b-e1959b578962,political.domains,premium,854,854,high,low,9,namesilo,,,27/09/2026 04:28
a294d2c0-50fe-4748-8cc6-3ea78170580a,political.blog,premium,640,2660,high,low,9,namesilo,,,27/09/2026 04:28
ea6c3553-2096-43f2-bd85-398df98c96cc,political.im,available,,,high,low,9,,,,
0e35b78d-0b23-4408-9cad-fc1045bbb6a3,political.zip,premium,167.7,167.7,high,low,9,namecheap,,,27/09/2026 04:28
3082697a-38d4-4c1b-86db-28258d9a8b11,government.toys,available,17.99,64.99,high,low,10,namesilo,,,24/09/2026 22:50
c4a47564-7a03-42f2-a685-5bddefc0f332,government.cooking,available,32.49,32.49,high,low,10,namesilo,,,24/09/2026 22:50
951c8f8b-3382-4ac4-bb5e-3d1d1720d8d6,government.wedding,available,32.49,32.49,high,low,10,namesilo,,,24/09/2026 22:50
dd5e4b76-864a-4b8d-baff-f1cad1a3b0cc,political.website,premium,1107,1107,high,low,9,namesilo,,,27/09/2026 04:28
39f8dc66-6371-4a98-bea7-31b502a516da,political.dating,available,12.98,86.98,high,low,9,namecheap,,,27/09/2026 04:28
2a36822d-5000-42b2-aba2-6ea667ec94f4,political.id,resell,,,high,low,9,PT Digital Registra Indonesia,08/10/2024 00:54,08/10/2027 23:59,27/09/2026 04:28
b54e899f-c887-426e-841a-44b243328e34,government.insure,available,72.99,72.99,high,low,10,namesilo,,,24/09/2026 22:50
fc9b4522-5998-4c21-8ea6-bff21ada78e6,political.kaufen,available,5.99,26.99,high,low,9,namesilo,,,27/09/2026 04:28
2de90fc2-7009-4cc4-ad21-4b3aed72883d,political.christmas,available,34.99,34.99,high,low,9,namesilo,,,27/09/2026 04:28
aa6fba21-777d-4d8a-87a4-e015f79690ed,government.bingo,available,53.99,53.99,high,low,10,namesilo,,,24/09/2026 22:50
63695715-0aa0-47cd-bef0-20936ae05bfc,government.ca,resell,,,high,low,10,BareMetal.com inc,31/10/2000 22:32,13/11/2027 05:00,26/09/2026 06:27
1a84c6dc-3d5f-488a-9a79-957c8ff55549,government.soy,premium,107.9,107.9,high,low,10,namecheap,,,24/09/2026 22:50
11bb4a81-1da9-47b8-a869-895f25afc293,political.berlin,available,79.98,89.98,high,low,9,namecheap,,,27/09/2026 04:28
8bbcc7da-b40b-4306-91d5-349394bb25ec,political.events,premium,128.7,128.7,high,low,9,namecheap,,,27/09/2026 04:28
e27cd246-b578-4adb-b9c4-2e8bc3debf51,political.film,premium,1107,1107,high,low,9,namesilo,,,27/09/2026 04:28
8300a987-0f06-40d3-86b0-306fa2f3db38,political.directory,available,8.99,26.99,high,low,9,namesilo,,,27/09/2026 04:28
6eec4c44-67d4-44a0-b86a-c7606397052f,political.kim,available,12.99,23.49,high,low,9,namesilo,,,27/09/2026 04:28
beb4f240-c015-4878-9d1d-fde7277da815,political.deals,available,39.99,39.99,high,low,9,namesilo,,,27/09/2026 04:28
2002af7e-0609-43ae-97ba-540dbcfa5f52,government.pics,resell,,,high,low,10,Dynadot Inc,16/08/2026 14:07,16/08/2027 23:59,26/09/2026 06:27
59cd9e4b-8e34-49b5-a4d4-01495ef5cc5e,political.coupons,available,5.99,54.99,high,low,9,namesilo,,,27/09/2026 04:28
2a3b4426-eee8-4066-b08e-fd1eb3f1dbd6,political.channel,premium,76.7,76.7,high,low,9,namecheap,,,27/09/2026 04:28
9e8bd3c3-69fd-40d4-9f63-497147e81924,political.enterprises,available,11.49,35.99,high,low,9,namesilo,,,27/09/2026 04:28
463fe5bf-06ed-400f-bb66-1d299435a5f1,government.fund,premium,854,854,high,low,10,namesilo,,,24/09/2026 22:50
bdcd3732-8525-4db4-a9be-38795449f11a,government.sale,premium,128.7,128.7,high,low,10,namecheap,,,24/09/2026 22:50
63e12e48-bd72-475b-891a-c1836dc6344b,political.holiday,available,64.99,64.99,high,low,9,namesilo,,,27/09/2026 04:28
ca6e7c4d-626a-4719-b67d-41473409cb10,political.fail,premium,78.54,78.54,high,low,9,namesilo,,,27/09/2026 04:28
aec70bf0-ab99-43be-9d43-81d977233a13,government.plus,resell,,,high,low,10,"Chengdu West Dimension Digital Technology Co., Ltd.",31/08/2024 17:00,31/08/2027 17:00,26/09/2026 06:27
31ea21f2-cdbd-4ecb-b30e-0646ffcbb373,government.show,available,18.99,44.49,high,low,10,namesilo,,,24/09/2026 22:50
7d25b2e5-9c24-4b87-b0c0-340e083ae354,political.vet,available,41.99,41.99,high,low,9,namesilo,,,27/09/2026 04:28
986ed567-516f-49bd-aafb-41a86500a39a,government.zone,premium,128.7,128.7,high,low,10,namecheap,,,24/09/2026 22:50
0ce4c920-dfa7-4ab2-9628-9962e9987230,government.surf,available,1.98,43.98,high,low,10,namecheap,,,24/09/2026 22:50
0b85218f-468f-45a2-ba5d-256c8e3abdd2,political.meme,premium,195,195,high,low,9,namecheap,,,27/09/2026 04:28
e6431d2a-710e-4f73-b7c8-27149e7b8114,political.ceo,available,9.99,146.98,high,low,9,namecheap,,,27/09/2026 04:28
9c3573f0-6d7b-44a0-8895-fca63d036aad,political.fish,available,46.98,59.98,high,low,9,namecheap,,,27/09/2026 04:28
d9450b5b-51e7-471e-ad98-04ada2dc4e93,political.review,premium,1107,116,high,low,9,namesilo,,,27/09/2026 04:28
fbbee8ef-08b6-48c4-a0a1-6b8fa2bcf145,government.lawyer,premium,1107,1107,high,low,10,namesilo,,,24/09/2026 22:50
8940173b-00e0-45ec-978a-074bf9fa79c1,government.management,premium,118.8,118.8,high,low,10,namesilo,,,24/09/2026 22:50
379132ac-76f2-4b22-8ac5-d01333db619e,political.health,premium,1107,71.4,high,low,9,namesilo,,,27/09/2026 04:28
5a63efd7-d8ab-4a09-9384-5cd56f04821d,government.gifts,available,36.99,36.99,high,low,10,namesilo,,,24/09/2026 22:50
5c59528d-8653-46ca-9ac2-5b61e77cae6d,political.build,premium,1950,1950,high,low,9,namecheap,,,27/09/2026 04:28
1b8ad4e6-d439-4c4a-87fa-b705f57be8f9,government.lifestyle,available,5.49,39.99,high,low,10,namesilo,,,24/09/2026 22:50
b51fd321-2626-42af-b5a3-aeac40cca845,political.hospital,available,57.99,57.99,high,low,9,namesilo,,,27/09/2026 04:28
efc45d24-b5b3-4bd1-95f0-4af917481a3b,government.giving,available,7.48,35.98,high,low,10,namecheap,,,24/09/2026 22:50
f67560db-2969-4a8a-af19-89306f1eb073,political.moda,available,41.99,41.99,high,low,9,namesilo,,,27/09/2026 04:28
106526a1-dde9-473f-b9b8-5711eab28850,political.car,available,1999.99,2199,high,low,9,namesilo,,,27/09/2026 04:28
a29eb618-08c9-4404-b55f-d084a3499951,political.rent,available,17.99,59.99,high,low,9,namesilo,,,27/09/2026 04:28
1fa8300b-3d2e-4d00-a4c2-611349b68a55,government.actor,available,16.99,44.49,high,low,10,namesilo,,,24/09/2026 22:50
e02aaee3-4970-4fd1-82b0-bfb454768730,political.rehab,premium,118.8,118.8,high,low,9,namesilo,,,27/09/2026 04:28
b72aaa37-16e9-454c-98c0-609fe5aaaa38,political.dad,premium,76.7,76.7,high,low,9,namecheap,,,27/09/2026 04:28
7703f404-09d7-44ea-b068-96ef4a2780cf,political.flights,available,58.99,58.99,high,low,9,namesilo,,,27/09/2026 04:28
05dc6379-c8ab-4547-bca0-9bbac1bec3f7,government.new,available,488.98,601.98,high,low,10,namecheap,,,24/09/2026 22:50
b9e117eb-9df3-467d-940a-263ad995f4f3,government.coffee,available,16.99,42.99,high,low,10,namesilo,,,24/09/2026 22:50
f9a42788-f95c-4350-a84a-206b1e7ed944,political.forsale,available,16.99,36.99,high,low,9,namesilo,,,27/09/2026 04:28
f9131a21-603c-4428-80e6-bded31db2069,government.forex,available,11.98,133.98,high,low,10,namecheap,,,24/09/2026 22:50
af0a699b-4ab7-4e43-a61a-eee812e7736f,government.parts,premium,78.54,78.54,high,low,10,namesilo,,,24/09/2026 22:50
f51d8c34-9a48-41a0-839e-fed892a17ade,government.realty,premium,910,1300,high,low,10,namecheap,,,24/09/2026 22:50
b02232b6-da14-4a5a-8cfb-4a6e53da3d0a,political.cat,available,26.98,38.98,high,low,9,namecheap,,,27/09/2026 04:28
ede2e141-59f1-4e30-9795-903599147772,political.sarl,available,6.99,6.99,high,low,9,namesilo,,,27/09/2026 04:28
41e4128f-8976-43f6-b50e-08a1d0e09172,government.army,premium,78,78,high,low,10,namecheap,,,24/09/2026 22:50
b5e36973-99f2-4acc-a1f3-174a2e79dc82,government.sbs,premium,68.43,147.2,high,low,10,namesilo,,,24/09/2026 22:50
301dd1d2-d32c-490c-b1cb-1c8a7d365593,government.dev,premium,421.12,421.12,high,low,10,namesilo,,,24/09/2026 22:50
35f9ec73-a55c-4c69-8aa6-07f32696afeb,political.bot,premium,640,640,high,low,9,namesilo,,,27/09/2026 04:28
53ef292d-1712-4d37-9ee7-c8885ec77c49,government.io,resell,,,high,low,10,"GoDaddy.com, LLC",08/09/2020 14:32,08/09/2027 14:32,26/09/2026 06:27
37f183cc-e282-4264-91d3-ef51d0164d85,political.soccer,available,25.99,25.99,high,low,9,namesilo,,,27/09/2026 04:28
7c4e69a8-2980-4f02-98ae-1175471ad697,political.sale,available,7.49,38.99,high,low,9,namesilo,,,27/09/2026 04:28
d7bd9614-98ac-46fc-bc87-45ac6907e7af,government.tours,available,10.99,61.99,high,low,10,namesilo,,,24/09/2026 22:50
65b16f9c-683e-4eb7-b41d-14999e158d15,political.tickets,available,393.98,608.98,high,low,9,namecheap,,,27/09/2026 04:28
125e7662-8352-437a-885a-6980f40de0b2,political.fund,premium,854,854,high,low,9,namesilo,,,27/09/2026 04:28
71d247cc-4456-46cc-bb47-89c071610184,political.study,premium,242,242,high,low,9,namesilo,,,27/09/2026 04:28
2039be6c-b3e2-4a25-be14-ec589505ed8f,political.company,available,20.99,20.99,high,low,9,namesilo,,,27/09/2026 04:28
244a04d1-0540-4fc5-9aed-f81f879bb79f,political.moi,available,25.99,25.99,high,low,9,namesilo,,,27/09/2026 04:28
9fe9f54b-426d-46e4-82d0-2aed68c7cf7b,political.university,premium,118.8,118.8,high,low,9,namesilo,,,27/09/2026 04:28
59e75393-5ce0-415a-8964-28322c36d8eb,government.gift,available,14.99,14.99,high,low,10,namesilo,,,24/09/2026 22:50
22b4e736-a9b4-4c13-9dde-cbb51415b664,political.rodeo,available,12.99,12.99,high,low,9,namesilo,,,27/09/2026 04:28
1e40e5a2-aee5-4299-a129-8154bd7b414e,political.immo,available,34.99,34.99,high,low,9,namesilo,,,27/09/2026 04:28
4b424ac5-186e-4aa0-bcdc-18dc4e2ee6c0,government.careers,premium,512,512,high,low,10,namesilo,,,24/09/2026 22:50
1f7f9f91-c7c5-44d1-b227-199b9b56a13b,government.promo,available,14.49,24.99,high,low,10,namesilo,,,24/09/2026 22:50
1d22c9b3-ae1e-4fe7-ab51-00651afdd223,government.immo,available,34.99,34.99,high,low,10,namesilo,,,24/09/2026 22:50
f06d46d9-c362-4f99-88f4-26cd34949559,political.creditcard,available,144.99,144.99,high,low,9,namesilo,,,27/09/2026 04:28
f1373faf-b568-4211-aca4-14b67c66cc01,government.uno,premium,1107,1107,high,low,10,namesilo,,,24/09/2026 22:50
e4f77b6e-fc9b-4746-bda4-eef624e3638b,political.spot,premium,116,116,high,low,9,namesilo,,,27/09/2026 04:28
7762505d-ee1c-4a87-8de0-82549a174044,political.family,available,39.99,39.99,high,low,9,namesilo,,,27/09/2026 04:28
53134b1e-5839-40bf-9768-f19b0d6908f8,political.lat,available,1.8,40.98,high,low,9,namecheap,,,27/09/2026 04:28
30bc6ff5-9a2f-4da2-b927-147a2b07212b,government.esq,premium,427.7,427.7,high,low,10,namecheap,,,24/09/2026 22:50
b7714d76-fbf0-4e1c-85d3-68d9c14cd4af,political.bz,available,21.98,26.98,high,low,9,namecheap,,,27/09/2026 04:28
39686aca-0537-47fd-a829-5b0168cbeee6,government.movie,available,40.98,446.98,high,low,10,namecheap,,,24/09/2026 22:50
ff0ef5b7-4337-4bb7-8fca-303884e1bfb2,government.vin,available,8.99,59.99,high,low,10,namesilo,,,24/09/2026 22:50
496ef112-52d8-4aff-8d63-0bd2c1a910fc,political.actor,premium,242,242,high,low,9,namesilo,,,27/09/2026 04:28
9f597bbd-be6b-4ecc-9885-a41a28c5d56e,government.qpon,premium,3450,23.54,high,low,10,namesilo,,,24/09/2026 22:50
d9369265-62e1-4d40-9300-a51804a8a1d9,political.cam,resell,,,high,low,9,Realtime Register B.V.,19/04/2023 21:15,19/04/2027 23:59,27/09/2026 04:28
19c461a9-2990-4141-b7e9-a89da376e7cc,political.talk,premium,78,78,high,low,9,namecheap,,,27/09/2026 04:28
fc939bec-e0bd-4594-b507-2095759802bd,government.discount,premium,242,242,high,low,10,namesilo,,,24/09/2026 22:50
97cead71-cfd7-49c2-9cd1-d111c276fa67,political.rentals,available,10.99,44.49,high,low,9,namesilo,,,27/09/2026 04:28
6d8118b0-36c3-455d-915f-82632efba786,government.black,available,27.99,64.99,high,low,10,namesilo,,,24/09/2026 22:50
5cf5c27e-4503-4674-8735-e62b56cce915,political.boston,available,23.49,23.49,high,low,9,namesilo,,,27/09/2026 04:28
b50e1b6c-71e6-4b39-939d-b871883c4b97,political.properties,available,18.99,39.99,high,low,9,namesilo,,,27/09/2026 04:28
d11294c2-6c25-4b47-9a2c-511a83d72d24,government.cool,available,9.49,44.99,high,low,10,namesilo,,,24/09/2026 22:50
7c27cb5c-9bc2-4d34-a24b-4e656c2357c5,government.deal,premium,116,116,high,low,10,namesilo,,,24/09/2026 22:50
ccb12660-56e5-4423-9eba-3e4316fb7192,political.toys,available,17.99,64.99,high,low,9,namesilo,,,27/09/2026 04:28
74fdcff8-399f-494f-9919-b27c8538f00b,political.equipment,available,28.99,28.99,high,low,9,namesilo,,,27/09/2026 04:28
48e5b7bd-0065-48a5-9ac2-16368a85446e,political.vegas,available,19.98,64.98,high,low,9,namecheap,,,27/09/2026 04:28
11ce5c4d-e3e1-45f9-9aa8-55a50f3bff07,government.bar,available,2.8,81.98,high,low,10,namecheap,,,24/09/2026 22:50
1ba1402f-147e-4dc3-a850-69a9560c8aaf,government.racing,premium,130,130,high,low,10,namecheap,,,24/09/2026 22:50
adea0d16-bb88-48e6-bb16-90826055ec74,political.band,available,20.99,31.49,high,low,9,namesilo,,,27/09/2026 04:28
e4297090-0378-4c32-9563-830bc213b066,political.realty,available,109.99,299,high,low,9,namesilo,,,27/09/2026 04:28
77cafcad-7a7e-4455-b257-70d049c59e93,political.run,premium,23.6,23.6,high,low,9,namesilo,,,27/09/2026 04:28
548878e7-b38c-4dee-80dd-f7558d637260,government.ceo,premium,254.72,254.72,high,low,10,namesilo,,,24/09/2026 22:50
e8c0356c-a2d3-4fed-9c45-a860cd5cdbf4,political.mortgage,available,62.99,62.99,high,low,9,namesilo,,,27/09/2026 04:28
40853902-53bb-4c4e-8965-62e07e229979,government.solutions,premium,520,520,high,low,10,namecheap,,,24/09/2026 22:50
274d2bca-8609-4e9b-a5a4-cf17ce8fa0cd,political.ninja,premium,118.8,118.8,high,low,9,namesilo,,,27/09/2026 04:28
f4013b94-276a-4288-841f-95f108096998,government.accountants,premium,118.8,118.8,high,low,10,namesilo,,,24/09/2026 22:50
7b0f38f0-3bf1-4dcc-83ca-728577dd9ddc,government.sucks,premium,13800,2658.67,high,low,10,namesilo,,,24/09/2026 22:50
30b8960f-5ef7-48c4-96ce-e6f7608109ff,government.trade,resell,,,high,low,10,Dynadot Inc,08/09/2026 00:01,08/09/2027 00:01,26/09/2026 06:27
bd2dca0d-dccb-43e3-b388-70ea612ffa84,government.university,premium,78.54,78.54,high,low,10,namesilo,,,24/09/2026 22:50
57c8dcf1-4173-49b4-8bd0-3a1d0281c39e,government.town,available,8.99,36.49,high,low,10,namesilo,,,24/09/2026 22:50
6b739151-ce34-426e-a434-6daf4dd2669c,government.singles,available,9.49,33.99,high,low,10,namesilo,,,24/09/2026 22:50
723e3f10-35fa-4a7a-a523-0d43f82c7f42,government.motorcycles,available,1.99,17.29,high,low,10,namesilo,,,24/09/2026 22:50
63ac98a5-bac1-4a74-891c-363d7c824aff,government.forsale,premium,118.8,118.8,high,low,10,namesilo,,,24/09/2026 22:50
aad4dae0-d131-4a1d-a50b-362c7c1bb3f3,political.partners,available,20.99,71.99,high,low,9,namesilo,,,27/09/2026 04:28
e9ff52f3-24a8-473a-b509-cb658727d4a6,government.red,resell,,,high,low,10,"Spaceship, Inc.",16/05/2019 05:49,16/05/2027 05:49,26/09/2026 06:27
68c7bb23-c0a1-4208-b053-8276b1455c00,political.credit,available,11.49,104.99,high,low,9,namesilo,,,27/09/2026 04:28
542e45ec-107b-4b60-8552-89578e8251d9,government.reisen,available,3.99,20.99,high,low,10,namesilo,,,24/09/2026 22:50
b6e1888b-5afb-41d1-a9df-e92c1b555b3c,government.clinic,premium,242,242,high,low,10,namesilo,,,24/09/2026 22:50
fb105da3-b62a-4b4b-b2fb-1dad3bddb3b4,government.host,premium,325,650,high,low,10,namecheap,,,24/09/2026 22:50
659628de-3222-4227-8f26-640fb086209b,government.vodka,available,32.49,32.49,high,low,10,namesilo,,,24/09/2026 22:50
73b25597-cfc2-48e2-a840-fa85526ee450,political.land,available,15.99,41.99,high,low,9,namesilo,,,27/09/2026 04:28
24ac6815-069b-48c7-b1e0-8d0afd192941,political.pink,available,6.48,31.48,high,low,9,namecheap,,,27/09/2026 04:28
8509480a-40cf-40b0-a71a-654f46615f1d,government.express,available,12.49,39.99,high,low,10,namesilo,,,24/09/2026 22:50
b5959113-9682-42f2-91dd-099388a89fdb,political.delivery,available,2.98,79.98,high,low,9,namecheap,,,27/09/2026 04:28
5396783c-c22c-4669-867c-eb10f207391a,government.productions,available,10.99,40.49,high,low,10,namesilo,,,24/09/2026 22:50
928a20b8-f73e-4611-8aeb-6b2f261d2963,government.golf,available,7.49,64.99,high,low,10,namesilo,,,24/09/2026 22:50
90f8f266-edde-44fe-9c93-fb7e02d3aaa1,political.ac,available,34.99,47.99,high,low,9,namesilo,,,27/09/2026 04:28
63eac9db-195e-4a21-abd1-467f9f7b1c0b,government.associates,premium,85.8,85.8,high,low,10,namecheap,,,24/09/2026 22:50
47dbba4f-0486-4ab0-8881-5fb834aa0ffb,government.creditcard,premium,242,242,high,low,10,namesilo,,,24/09/2026 22:50
b1a7ff38-fc3c-423e-96e6-962850691fb8,government.shoes,available,64.99,64.99,high,low,10,namesilo,,,24/09/2026 22:50
bed489f1-6cf4-421f-b5dd-a33462b0122a,political.diet,available,108.98,159.98,high,low,9,namecheap,,,27/09/2026 04:28
aa5722a0-b279-4a31-b4e2-b7800b321b8a,political.online,premium,3450,3450,high,low,9,namesilo,,,27/09/2026 04:28
d176eee2-6bc2-4e89-8c2e-765aa7ea6a44,political.homes,available,1.8,21.98,high,low,9,namecheap,,,27/09/2026 04:28
9dddf07e-bd9a-4a3b-976b-faf48423b767,government.rsvp,premium,323.7,323.7,high,low,10,namecheap,,,24/09/2026 22:50
b274f286-86f2-41c3-ac85-0a4d3ae9dd86,political.ngo,available,18.98,24.98,high,low,9,namecheap,,,27/09/2026 04:28
a9ed20a4-9c3d-44f7-9ba8-aab7308f40f0,government.art,premium,354.9,91,high,low,10,namecheap,,,24/09/2026 22:50
4d46af86-f243-4aea-8684-de12d209883a,government.space,premium,3450,3450,high,low,10,namesilo,,,24/09/2026 22:50
30286116-f316-4fa2-83cd-c784059321f6,political.expert,premium,128.7,128.7,high,low,9,namecheap,,,27/09/2026 04:28
b4ffd7fb-80d2-40c1-9d0b-7fc419151c57,government.tienda,available,59.99,59.99,high,low,10,namesilo,,,24/09/2026 22:50
f0e4a163-2129-443e-bd2a-c08fd96c5047,government.taxi,available,10.99,62.99,high,low,10,namesilo,,,24/09/2026 22:50
651002a1-3e84-4d2d-b6e9-22552cf1d8f6,political.eco,premium,180.05,74.75,high,low,9,namecheap,,,27/09/2026 04:28
26a99f67-ed6d-4427-bec5-2ac9b128afb5,government.blackfriday,available,128.98,134.98,high,low,10,namecheap,,,24/09/2026 22:50
eb4ed914-fb40-402a-8af4-6ac11e4b11fe,government.salon,available,57.99,57.99,high,low,10,namesilo,,,24/09/2026 22:50
abf1434b-95d7-49aa-802a-bb6a93783671,political.maison,available,57.99,57.99,high,low,9,namesilo,,,27/09/2026 04:28
d90beb18-f92a-471b-8ae9-154b48791553,government.style,available,7.98,49.98,high,low,10,namecheap,,,24/09/2026 22:50
16de5798-2e15-4b6c-b86b-8cb7c206a1b7,political.auto,available,1999.99,2199,high,low,9,namesilo,,,27/09/2026 04:28
c8db3ba2-22e7-4c9f-9d20-2457e3572362,government.loans,premium,512,512,high,low,10,namesilo,,,24/09/2026 22:50
69ee1b49-bfa5-4561-b07b-e23355a1619b,political.lifestyle,available,1.8,48.98,high,low,9,namecheap,,,27/09/2026 04:28
172ef220-2229-4a4b-a6a6-7b2306aae7e4,political.tienda,available,59.99,59.99,high,low,9,namesilo,,,27/09/2026 04:28
a9b941f0-a53d-4009-8032-58eca82d7183,government.maison,available,60.98,69.98,high,low,10,namecheap,,,24/09/2026 22:50
44766c78-48fc-49af-a4db-ca7bf9eb848c,political.fun,premium,3450,3450,high,low,9,namesilo,,,27/09/2026 04:28
595150e4-c68d-43a5-bc8f-6231edadd33c,political.bid,available,5.25,6.25,high,low,9,namesilo,,,27/09/2026 04:28
855d5a62-93b7-474d-8947-a46ff63df6e9,political.rich,available,94.99,1999,high,low,9,namesilo,,,27/09/2026 04:28
9ea1a1c7-0ec4-447a-b92e-5080c638e865,political.xxx,available,69.98,154.98,high,low,9,namecheap,,,27/09/2026 04:28
9baa770f-595c-498c-8154-f93a2cce2108,political.dental,available,78.99,78.99,high,low,9,namesilo,,,27/09/2026 04:28
237ab458-7485-4e4f-a870-1860784777ed,political.casa,available,1.98,17.98,high,low,9,namecheap,,,27/09/2026 04:28
b1b6460d-dd47-42aa-8ee8-3463f1adc69d,government.surgery,available,54.99,54.99,high,low,10,namesilo,,,24/09/2026 22:50
4285465e-214d-4147-903a-8866facb356f,political.irish,available,7.49,22.49,high,low,9,namesilo,,,27/09/2026 04:28
3edaa50d-e381-4285-9943-32b77b11a2c8,political.sucks,available,218.99,218.99,high,low,9,namesilo,,,27/09/2026 04:28
562ebe87-c5f1-4d30-97be-a3eaf382eecf,government.social,premium,118.8,118.8,high,low,10,namesilo,,,24/09/2026 22:50
1bcab598-242b-4005-bb54-f52d25efb46f,political.new,available,488.98,601.98,high,low,9,namecheap,,,27/09/2026 04:28
c892b7da-8f2f-4a3c-a702-e3d3125c6fac,political.organic,available,17.99,85.99,high,low,9,namesilo,,,27/09/2026 04:28
f9677805-81f3-4861-b655-d94f2be95848,government.protection,available,2070,2950,high,low,10,namecheap,,,24/09/2026 22:50
516358ec-7142-44d5-89af-040f0893b4cf,government.trading,available,21.98,27.98,high,low,10,namecheap,,,24/09/2026 22:50
a316e660-60d6-4c83-ac3d-41ead3ad5663,political.bargains,available,14.98,37.98,high,low,9,namecheap,,,27/09/2026 04:28
a1810b7c-fcc2-47a4-9bee-935d2f2c65dc,government.boats,available,1.99,17.29,high,low,10,namesilo,,,24/09/2026 22:50
dd258db5-0754-4a8c-a23e-e69e973bdd61,political.management,resell,,,high,low,9,"GoDaddy.com, LLC",19/03/2014 16:00,19/03/2027 16:00,27/09/2026 04:28
55e44cc2-1b00-4d55-ac0a-826f5b854de9,government.men,premium,448,53.92,high,low,10,namesilo,,,24/09/2026 22:50
d999af14-b5f6-467c-b2db-9086be420e90,political.yachts,available,1.8,21.98,high,low,9,namecheap,,,27/09/2026 04:28
1d18311a-3bb4-4b4d-81b8-9e04f58f1369,political.estate,available,15.99,38.99,high,low,9,namesilo,,,27/09/2026 04:28
da6c1e3b-dda4-4d22-944d-3fbd1f624940,political.diamonds,available,57.98,72.98,high,low,9,namecheap,,,27/09/2026 04:28
07947979-4390-4010-a876-5b601562a5d2,political.ca,resell,,,high,low,9,Grape Inc.,25/01/2002 19:45,25/01/2027 05:00,27/09/2026 04:28
45bca7e4-3235-4fbb-8275-32aa4dc17f45,political.mobile,premium,780,780,high,low,9,namecheap,,,27/09/2026 04:28
7bb9997a-e11b-4f17-94fa-e001cccf6091,government.poker,available,5.98,85.98,high,low,10,namecheap,,,24/09/2026 22:50
99c0c39f-0d30-4048-b144-7735cad03a40,government.guitars,available,104.99,114.99,high,low,10,namesilo,,,24/09/2026 22:50
effb2882-2fd8-414f-a347-f65fc1373e50,government.gives,available,14.99,23.99,high,low,10,namesilo,,,24/09/2026 22:50
e5896a28-657a-4d1e-8807-a695adf314b1,political.cruises,available,54.98,68.98,high,low,9,namecheap,,,27/09/2026 04:28
9726353d-3bc1-4ba1-92ac-a45b52128770,government.rehab,available,36.99,36.99,high,low,10,namesilo,,,24/09/2026 22:50
f0e1ce20-b68c-41ab-addc-0d653c21e237,government.gg,available,68.98,82.98,high,low,10,namecheap,,,24/09/2026 22:50
dea1c1df-e8eb-47e8-8d4e-2e9fd529ac22,government.company,resell,,,high,low,10,"GoDaddy.com, LLC",01/06/2020 23:13,01/06/2027 23:13,26/09/2026 06:27
1b890d0c-2b7e-4dce-bde1-522ae6d2590c,government.life,premium,64.35,128.7,high,low,10,namecheap,,,24/09/2026 22:50
c70c7eb4-9864-4bb4-a948-d200b5279794,government.pw,premium,3450,3450,high,low,10,namesilo,,,24/09/2026 22:50
a289b13d-569c-448b-ace0-8dfad89c0ffc,political.loan,premium,650,84.5,high,low,9,namecheap,,,27/09/2026 04:28
07e343ee-c930-4381-89ba-85d8b704c317,political.engineering,available,16.99,64.99,high,low,9,namesilo,,,27/09/2026 04:28
3504f357-1115-46c9-8f1f-e06401da8fa9,political.horse,available,33.98,43.98,high,low,9,namecheap,,,27/09/2026 04:28
9e7deebb-a9e5-4df1-828c-532acc84493c,government.coach,premium,242,242,high,low,10,namesilo,,,24/09/2026 22:50
594eccfb-28d5-43b3-8dbd-255dd236f734,government.church,available,8.48,78.98,high,low,10,namecheap,,,24/09/2026 22:50
2219c88a-daa2-42ab-a690-37c62300d7a2,government.theatre,available,509.99,529.99,high,low,10,namesilo,,,24/09/2026 22:50
b6156e0b-d22d-4bec-b3c4-6604a999665d,government.catering,available,38.99,38.99,high,low,10,namesilo,,,24/09/2026 22:50
3efc7616-0e4a-42b7-b1f2-09fe08f6a37d,political.sbs,premium,68.43,147.2,high,low,9,namesilo,,,27/09/2026 04:28
5e8eb1af-4613-4538-a36e-5197a26810c0,government.deals,resell,,,high,low,10,Dynadot Inc,07/02/2024 17:33,07/02/2027 17:33,26/09/2026 06:27
b0c97d0b-f66b-4a1e-878b-771d8c497d8a,political.school,resell,,,high,low,9,"GoDaddy.com, LLC",15/02/2021 03:00,15/02/2027 03:00,27/09/2026 04:28
a78e2c64-658e-4bd6-8ecd-a8474c2555a5,political.gg,available,68.98,82.98,high,low,9,namecheap,,,27/09/2026 04:28
0be8d05a-f837-4158-b68e-870338e4db0e,government.food,available,4.98,48.98,high,low,10,namecheap,,,24/09/2026 22:50
2e889272-b72f-4cb3-87df-13c36d201b90,political.plus,available,15.99,53.99,high,low,9,namesilo,,,27/09/2026 04:28
f9585ab1-fee7-4d23-82d3-270ce1b2ff62,government.fans,premium,116,116,high,low,10,namesilo,,,24/09/2026 22:50
167e75d2-534d-40a5-acfb-3ce399ebeb34,political.photo,available,29.99,29.99,high,low,9,namesilo,,,27/09/2026 04:28
7bff3000-8541-4ced-a302-b27dab5449d3,government.click,available,2.19,12.99,high,low,10,namesilo,,,24/09/2026 22:50
f17f709d-ab83-4439-be56-848b29e509a0,government.work,premium,3450,11.8,high,low,10,namesilo,,,24/09/2026 22:50
000265c1-bba7-4979-9187-283af664fea7,political.gold,available,7.98,130.98,high,low,9,namecheap,,,27/09/2026 04:28
6f0de143-28c5-4acd-b06c-33fae9675011,political.fan,available,57.98,68.98,high,low,9,namecheap,,,27/09/2026 04:28
77a72db0-e822-421f-9314-51f1d0b0d8ba,government.dental,premium,242,242,high,low,10,namesilo,,,24/09/2026 22:50
ce2d71d4-9a7c-4611-8d55-06a8746cbb5f,political.video,premium,1107,1107,high,low,9,namesilo,,,27/09/2026 04:28
e0351e06-9823-4e88-a1d5-dddb24b6dccb,political.surf,available,2.19,32.49,high,low,9,namesilo,,,27/09/2026 04:28
972bacfa-6bf1-4745-a50b-17043aae0289,political.cricket,premium,3250,130,high,low,9,namecheap,,,27/09/2026 04:28
1e91727a-f104-4e72-a4fe-c0c242875bc7,government.institute,premium,118.8,118.8,high,low,10,namesilo,,,24/09/2026 22:50
ff4288a1-5ba7-4430-a401-0c918df12a8c,political.sex,available,69.98,154.98,high,low,9,namecheap,,,27/09/2026 04:28
7945173c-44d0-4f82-a094-58b76d379769,government.cyou,premium,68.43,147.2,high,low,10,namesilo,,,24/09/2026 22:50
ebc23661-dce3-4bff-8c45-ca05bdfe5150,political.farm,available,15.99,38.99,high,low,9,namesilo,,,27/09/2026 04:28
8a7c31db-e58d-402e-9603-583817bb4343,political.associates,available,18.99,38.99,high,low,9,namesilo,,,27/09/2026 04:28
0305b59d-8d25-4206-8495-0f03bf2c3af3,government.casino,available,14.99,159.99,high,low,10,namesilo,,,24/09/2026 22:50
3781717e-f4ae-43d9-9a3e-38babf4eefce,political.claims,available,17.99,64.99,high,low,9,namesilo,,,27/09/2026 04:28
85e4d1bf-d6d5-4ac1-852d-87c2fe1afb6f,government.living,available,5.49,39.99,high,low,10,namesilo,,,24/09/2026 22:50
a0b03758-49a5-4ec3-bae8-02ea29f4df2a,government.vacations,available,38.99,38.99,high,low,10,namesilo,,,24/09/2026 22:50
a5d437b6-3fc6-45bf-b301-83b0025c125e,democracy.voto,available,26.5,,high,low,9,unstoppable,,,29/09/2026 13:54
78b1fab7-3efa-4671-b71a-9c02f2d9e583,political.accountant,premium,640,77.35,high,low,9,namesilo,,,27/09/2026 04:28
97cc4ed5-2b0e-4174-9ea2-2fb723c74567,political.gift,available,14.99,14.99,high,low,9,namesilo,,,27/09/2026 04:28
51f8d752-6e6e-415f-ab9b-fbba3b2711ca,political.site,premium,1625,6500,high,low,9,namecheap,,,27/09/2026 04:28
9f9425f1-5a50-42a1-a4db-3d7ce574e983,political.gratis,available,24.98,31.98,high,low,9,namecheap,,,27/09/2026 04:28
e84f3238-9d99-4ecf-afca-baa892812464,government.degree,available,52.99,52.99,high,low,10,namesilo,,,24/09/2026 22:50
40f92144-ec87-4a87-914e-3bf2c65ca504,political.insure,available,72.99,72.99,high,low,9,namesilo,,,27/09/2026 04:28
ed2b21ac-4434-42a2-922a-8c7f029134e4,government.immobilien,available,37.99,37.99,high,low,10,namesilo,,,24/09/2026 22:50
a0197b90-6d0a-43e1-92f1-9d1ccb84b8b3,political.theater,available,65.99,65.99,high,low,9,namesilo,,,27/09/2026 04:28
0ef333b4-8819-4f49-b6d7-d6648e216fcc,political.parts,available,10.48,45.98,high,low,9,namecheap,,,27/09/2026 04:28
e1a6cd56-017a-41f9-a141-ac77314086db,political.exposed,available,22.49,22.49,high,low,9,namesilo,,,27/09/2026 04:28
2e463345-5b31-426e-972e-35ed2d5e0993,government.broker,available,11.98,47.98,high,low,10,namecheap,,,24/09/2026 22:50
97e7fd25-ff62-40fc-a3f8-a1ecc90c9c62,political.boo,premium,76.7,76.7,high,low,9,namecheap,,,27/09/2026 04:28
74a6952c-9d99-4556-82d0-f8e72ce61f05,government.win,premium,448,53.92,high,low,10,namesilo,,,24/09/2026 22:50
5516d773-19ec-4c4d-8ad1-5c3ee1f8ed59,political.so,available,68.98,,high,low,9,namecheap,,,
898691f7-4f1d-41d5-b66c-8747c1909cbd,political.cash,available,12.99,38.99,high,low,9,namesilo,,,27/09/2026 04:28
9a33f58f-cbf6-4c0e-b645-47d6da363ac3,government.delivery,available,6.75,61.99,high,low,10,namesilo,,,24/09/2026 22:50
093e5635-86dc-4765-a70e-03ba5b99fa40,government.llc,premium,302.5,302.5,high,low,10,namesilo,,,24/09/2026 22:50
8bb5f872-48e3-44c2-adb2-d0e8666616af,political.flowers,available,64.99,114.99,high,low,9,namesilo,,,27/09/2026 04:28
73a3b205-795e-4e72-89c6-3250d566a9d5,government.buzz,premium,512,116,high,low,10,namesilo,,,24/09/2026 22:50
a4a45642-611b-4ed1-9a82-039aed1984a2,government.hair,available,1.99,17.29,high,low,10,namesilo,,,24/09/2026 22:50
18f4df94-980a-4724-bff9-9c7751846d6a,political.cool,available,9.49,44.99,high,low,9,namesilo,,,27/09/2026 04:28
cd736840-6a25-4cee-8a04-6fa3f5d60436,political.hair,available,1.99,17.29,high,low,9,namesilo,,,27/09/2026 04:28
aeeceb75-af5a-407c-b103-a0c06e93951d,government.tennis,available,65.99,65.99,high,low,10,namesilo,,,24/09/2026 22:50
59a86a46-046a-47dc-8a7b-72a70539b9c7,government.fast,premium,53.92,53.92,high,low,10,namesilo,,,24/09/2026 22:50
f480e158-1275-4a0d-9ee7-62499752d699,political.cleaning,available,75.49,75.49,high,low,9,namesilo,,,27/09/2026 04:28
f3e073d5-aa75-48aa-ab5c-78913f5bfe4e,government.wiki,premium,116,116,high,low,10,namesilo,,,24/09/2026 22:50
cdde517f-328c-4c0e-a529-631f55613fb9,government.ltda,premium,56.64,33.04,high,low,10,namesilo,,,24/09/2026 22:50
7951b152-e688-4d52-868d-f80a44676540,political.vodka,available,32.49,32.49,high,low,9,namesilo,,,27/09/2026 04:28
7cd70bf8-495e-4b87-b015-dabfc76ecc5c,government.football,available,26.98,36.98,high,low,10,namecheap,,,24/09/2026 22:50
e46bcc53-471e-4dc5-ae34-8dc36eb2bfc6,political.bet,premium,650,650,high,low,9,namecheap,,,27/09/2026 04:28
84952cf8-8b5b-4bb0-a178-1b2b7452a5c0,government.auto,available,1999.99,2199,high,low,10,namesilo,,,24/09/2026 22:50
e699aced-eff1-4492-a601-245bb5289ec2,government.lease,premium,128.7,128.7,high,low,10,namecheap,,,24/09/2026 22:50
4b65205a-73ae-4405-9586-08e270926772,government.cleaning,available,75.49,75.49,high,low,10,namesilo,,,24/09/2026 22:50
41ff69e9-3e55-4834-9a2c-97f2d884d2c2,government.care,premium,260,520,high,low,10,namecheap,,,24/09/2026 22:50
1d7feda1-4a2c-455a-8962-15c9b3ffd092,government.photography,available,14.49,36.49,high,low,10,namesilo,,,24/09/2026 22:50
9d6f3405-0d3a-4e57-84e3-27679f7d3a2f,political.supply,available,25.99,25.99,high,low,9,namesilo,,,27/09/2026 04:28
7a18aba8-a5ba-4b62-8a19-cec6edbe04f6,political.monster,available,1.99,17.29,high,low,9,namesilo,,,27/09/2026 04:28
d767ade9-a791-4581-8359-758343a309f1,policy.voto,available,10.55,55.93,high,low,6,spaceship,,,07/10/2026 00:15
b0b1199c-5aee-4668-8148-7a169da29ae6,political.broker,available,11.98,47.98,high,low,9,namecheap,,,27/09/2026 04:28
da32c524-3095-4eca-8b66-f93623eccc22,political.wine,available,9.99,59.99,high,low,9,namesilo,,,27/09/2026 04:28
0dfcd11c-8fa9-441d-a0d3-c8a9dcced951,government.photo,premium,116,116,high,low,10,namesilo,,,24/09/2026 22:50
338e8f7b-1e5b-482e-b629-8dca8fd50520,political.io,resell,,,high,low,9,Dynadot Inc,19/01/2015 20:56,19/01/2027 20:56,27/09/2026 04:28
f2764646-e42f-45ab-8a7e-109b35f13061,government.engineer,available,38.99,38.99,high,low,10,namesilo,,,24/09/2026 22:50
6c7f2971-df57-4119-811c-5c897a930556,political.jetzt,available,23.99,23.99,high,low,9,namesilo,,,27/09/2026 04:28
2a093a22-9eb1-4586-ac86-c5a21eaf59af,government.mba,premium,78.54,78.54,high,low,10,namesilo,,,24/09/2026 22:50
3486a1a1-0389-458f-b32d-f6713d34b5a1,government.exposed,premium,118.8,118.8,high,low,10,namesilo,,,24/09/2026 22:50
3bf40b02-8c5c-4c0a-bd73-9c1e3a4f8c04,political.tires,available,5.99,78.99,high,low,9,namesilo,,,27/09/2026 04:28
be8ca65b-1764-420f-a5d6-38a989fa3fe2,government.one,premium,640,640,high,low,10,namesilo,,,24/09/2026 22:50
1f2da769-7ea8-423e-bc8b-4567f9b7251c,political.global,available,46.99,95.99,high,low,9,namesilo,,,27/09/2026 04:28
5d3e86b5-2be7-4e60-bbac-4ed398ace745,political.guide,resell,,,high,low,9,"Spaceship, Inc.",01/12/2018 16:46,01/12/2026 16:46,27/09/2026 04:28
6886a96f-7e15-484e-a62b-a9fe918728b9,political.singles,available,9.49,33.99,high,low,9,namesilo,,,27/09/2026 04:28
5052cba9-14ad-4661-bbc5-abec189b8d89,political.cars,available,1999.99,2199,high,low,9,namesilo,,,27/09/2026 04:28
4e7d08e4-3310-4e60-98b6-d0638cf39ebc,political.link,premium,448,448,high,low,9,namesilo,,,27/09/2026 04:28
80cdde34-c5bf-4482-9fcf-9af3a08023f0,political.florist,available,32.99,32.99,high,low,9,namesilo,,,27/09/2026 04:28
4ed207da-d26a-44e3-a841-7f8ccf4151ee,political.fast,premium,53.92,53.92,high,low,9,namesilo,,,27/09/2026 04:28
f1ff05a3-2ead-4c86-9458-87266eeb1a74,political.adult,available,69.98,166.98,high,low,9,namecheap,,,27/09/2026 04:28
d207a291-b858-4bf4-89a9-d01f78f08f1e,political.to,available,64.99,64.99,high,low,9,namesilo,,,27/09/2026 04:28
75ee503d-4bff-435f-9814-fd4bc7256eba,political.bingo,available,53.99,53.99,high,low,9,namesilo,,,27/09/2026 04:28
33aab4aa-16ff-47d2-bd9f-819ecc4d0fd2,government.ninja,premium,128.7,128.7,high,low,10,namecheap,,,24/09/2026 22:50
66a9d3e5-f56e-4a20-9f6e-f1ad806f24b1,political.golf,available,7.49,64.99,high,low,9,namesilo,,,27/09/2026 04:28
2d573d62-f2a1-4aeb-bc52-a9136aaae890,government.airforce,available,109.98,134.98,high,low,10,namecheap,,,24/09/2026 22:50
438e1f04-1c73-44ef-a87f-89283faed743,government.boutique,available,5.99,32.99,high,low,10,namesilo,,,24/09/2026 22:50
94ae298e-12f7-45f0-979a-98d7c390a5c6,political.airforce,available,103.99,103.99,high,low,9,namesilo,,,27/09/2026 04:28
76c57e27-d395-4062-96e5-70b96866d7e7,political.tours,available,10.99,61.99,high,low,9,namesilo,,,27/09/2026 04:28
f6dfdaf5-332d-4dd8-b6c1-462e6501e19a,government.cars,available,1999.99,2199,high,low,10,namesilo,,,24/09/2026 22:50
1906b24e-4a14-49f3-8ea2-31d038f22eaa,political.cheap,available,8.99,36.49,high,low,9,namesilo,,,27/09/2026 04:28
e2752989-c82f-40f3-9b6f-4ae540318957,government.bio,resell,,,high,low,10,"Spaceship, Inc.",04/07/2026 21:13,04/07/2027 21:13,26/09/2026 06:27
c1cc5772-2c7e-49d4-801a-810e209ca1ef,government.schule,available,28.99,28.99,high,low,10,namesilo,,,24/09/2026 22:50
d593673b-9490-4983-a228-cd00b5b3998b,government.shop,premium,640,640,high,low,10,namesilo,,,24/09/2026 22:50
258abdcd-c924-46a0-ac6e-182ec28cfdb0,political.eu,resell,,,high,low,9,Name: eu-tyche.at web invest gmbh & co KG Website: http://www.eu-tyche.at,,,27/09/2026 04:28
3c9e0ac2-48d3-4227-ba86-73ee197fd9a3,political.place,premium,13,26,high,low,9,namecheap,,,27/09/2026 04:28
c951af61-d049-4d6a-a525-867c8b5bb9ff,government.theater,available,65.99,65.99,high,low,10,namesilo,,,24/09/2026 22:50
83b94cc2-d7df-4954-9d9c-9697b1c4dd79,political.apartments,available,57.99,57.99,high,low,9,namesilo,,,27/09/2026 04:28
5222fc31-b976-4e7f-8ad1-cefa171185d7,government.sexy,available,2998,3298,high,low,10,namecheap,,,24/09/2026 22:50
82fabe80-a1dd-4719-b198-a3ed4cce2168,government.vet,premium,242,242,high,low,10,namesilo,,,24/09/2026 22:50
afb87327-e5e6-43c9-bb9f-42ca7a455af4,political.art,premium,3450,83.3,high,low,9,namesilo,,,27/09/2026 04:28
8429ee3a-5773-481f-b559-f9972ee22247,political.vana,available,2298,2498,high,low,9,namecheap,,,27/09/2026 04:28
45b0efb0-7301-46d9-80c7-3372f691ce98,political.limited,available,36.99,36.99,high,low,9,namesilo,,,27/09/2026 04:28
4155fe3e-d5b7-43fe-98c7-1a539c82827a,political.shiksha,available,14.99,51.99,high,low,9,namesilo,,,27/09/2026 04:28
cba81b5a-43e4-4cf5-ad7b-d61b2ff264d3,government.camera,available,58.99,58.99,high,low,10,namesilo,,,24/09/2026 22:50
ba37ffbb-313a-4a4c-b421-f4550922bbf6,government.diy,available,5.49,39.99,high,low,10,namesilo,,,24/09/2026 22:50
202b587c-05f0-4806-bb04-018c35951760,political.pizza,available,17.99,64.99,high,low,9,namesilo,,,27/09/2026 04:28
7dbffbde-80ea-45be-a9c0-9aae90a02e58,political.camp,available,62.99,62.99,high,low,9,namesilo,,,27/09/2026 04:28
ea2ae698-cfde-48fa-a9d7-665f07155ef8,political.glass,available,76.98,99.98,high,low,9,namecheap,,,27/09/2026 04:28
c96c9707-b009-4063-be0a-fdebb1eb6cc6,political.blackfriday,available,114.99,114.99,high,low,9,namesilo,,,27/09/2026 04:28
84920cb3-8fbb-4e82-b7c8-a2f46c039b06,government.guru,premium,118.8,118.8,high,low,10,namesilo,,,24/09/2026 22:50
2381cac8-1ae9-4526-8773-228d3948744e,political.business,available,3.98,25.98,high,low,9,namecheap,,,27/09/2026 04:28
adca8156-5276-4877-9b2d-43efeb08c59d,political.dance,available,16.99,27.49,high,low,9,namesilo,,,27/09/2026 04:28
98371566-b86d-494f-baa8-9d300e3138dd,government.money,premium,128.7,128.7,high,low,10,namecheap,,,24/09/2026 22:50
e593138a-ba5c-4513-bd3e-862deb89834c,political.prof,premium,115.7,115.7,high,low,9,namecheap,,,27/09/2026 04:28
964d3c3c-c2e7-4e25-87a4-e73a51dfcc9a,political.storage,available,509.99,529.99,high,low,9,namesilo,,,27/09/2026 04:28
16f14e28-1e9d-4550-b46d-b2660d45e0b9,government.restaurant,available,20.99,64.99,high,low,10,namesilo,,,24/09/2026 22:50
9257a40f-ffc8-46dc-a990-bfb8248f3023,political.memorial,available,52.99,52.99,high,low,9,namesilo,,,27/09/2026 04:28
d2430135-b316-41f4-b79a-ee95f460a492,political.barcelona,available,38.98,38.98,high,low,9,namecheap,,,27/09/2026 04:28
8f01cdfc-d997-497b-b99c-4b2f74afa2c0,political.nyc,premium,640,29.5,high,low,9,namesilo,,,27/09/2026 04:28
50b0b7be-6959-4d4b-b396-2f4e0ee84123,political.gmbh,available,45.99,45.99,high,low,9,namesilo,,,27/09/2026 04:28
40b3f566-628a-4fe9-bc46-5ae86f345e69,political.camera,available,58.99,58.99,high,low,9,namesilo,,,27/09/2026 04:28
b4d0178a-3e9f-45c2-b452-79f426f619d9,government.haus,available,14.99,33.99,high,low,10,namesilo,,,24/09/2026 22:50
51f53858-0f33-4886-a44e-d4069c9e351d,government.video,premium,242,242,high,low,10,namesilo,,,24/09/2026 22:50
955fca39-77f6-4747-9aa4-2c00cf84890b,government.cards,premium,118.8,118.8,high,low,10,namesilo,,,24/09/2026 22:50
3839b42a-c864-4b7c-afba-0d66fac80c28,government.music,available,47.98,52.48,high,low,10,namecheap,,,24/09/2026 22:50
fb66b975-01ec-4d8a-bf64-2ab62e9717e5,government.band,available,20.99,31.49,high,low,10,namesilo,,,24/09/2026 22:50
0df16ea2-cd36-463f-80ca-f187e01d8c01,political.cyou,premium,68.43,147.2,high,low,9,namesilo,,,27/09/2026 04:28
6cd23cc2-15f4-4092-9d2e-8125f46fc4e4,government.recipes,available,8.99,77.99,high,low,10,namesilo,,,24/09/2026 22:50
ed5c9aba-941c-40eb-a331-e9437525f35d,government.exchange,premium,85.8,85.8,high,low,10,namecheap,,,24/09/2026 22:50
216d3fbb-1eba-4f60-b7bd-9d610ee6d45e,government.cheap,available,8.99,36.49,high,low,10,namesilo,,,24/09/2026 22:50
f9ccf95d-45b5-49cb-aac4-74e7eef195f1,government.kids,premium,53.92,21.24,high,low,10,namesilo,,,24/09/2026 22:50
7e46ef9a-e72d-4293-a1cf-d66497851916,government.vana,available,2298,2498,high,low,10,namecheap,,,24/09/2026 22:50
dfac68e1-9807-4c75-9fb8-a52ea00faf67,government.dance,available,16.99,27.49,high,low,10,namesilo,,,24/09/2026 22:50
7330cde6-f5a4-4c02-98f1-47ff661de360,political.kitchen,available,10.99,64.99,high,low,9,namesilo,,,27/09/2026 04:28
0c8c7e10-73c6-4741-99f7-7bdc70712161,political.sh,available,39.99,47.99,high,low,9,namesilo,,,27/09/2026 04:28
09e10eae-19ba-4460-a18f-40eb8c66e2a3,government.desi,available,19.98,22.98,high,low,10,namecheap,,,24/09/2026 22:50
c1d089ea-3c34-4c3d-a5d0-dacf1cffb67c,political.nexus,premium,167.7,167.7,high,low,9,namecheap,,,27/09/2026 04:28
66bcf63b-39b7-40cf-95af-80a86e02c79b,government.horse,available,32.49,32.49,high,low,10,namesilo,,,24/09/2026 22:50
fdd40eab-4517-47d7-822f-4e95f9621f72,political.recipes,available,8.99,77.99,high,low,9,namesilo,,,27/09/2026 04:28
5403e56f-7855-436a-958e-13d44a178664,government.community,premium,128.7,128.7,high,low,10,namecheap,,,24/09/2026 22:50
da8eeef6-624a-4b73-a9a5-cf82a2be5023,political.mx,available,39.99,43.99,high,low,9,namesilo,,,27/09/2026 04:28
fce6e90e-6ee2-40a6-a989-2a6db04ec5d3,government.doctor,available,5.98,154.98,high,low,10,namecheap,,,24/09/2026 22:50
1fa94f47-f5c0-4811-81cb-f1cc15f9b1f3,political.world,premium,85.8,85.8,high,low,9,namecheap,,,27/09/2026 04:28
0451ec0a-2d95-4da9-877e-20db08a7a2ec,government.cash,premium,512,512,high,low,10,namesilo,,,24/09/2026 22:50
4145755d-e7f1-4e89-b348-64c1e02b24d2,government.monster,available,1.99,17.29,high,low,10,namesilo,,,24/09/2026 22:50
11458f2f-072a-4692-b384-a8dc3562e25f,government.reviews,premium,1040,1040,high,low,10,namecheap,,,24/09/2026 22:50
fa3ed316-0bae-4c14-b109-cea0a5dd2cce,government.barcelona,available,38.98,38.98,high,low,10,namecheap,,,24/09/2026 22:50
cc8bef79-6e4f-4a86-ba21-068453ccc98b,government.dating,available,20.99,64.99,high,low,10,namesilo,,,24/09/2026 22:50
6bcb0ae0-121a-4884-a9ca-9df621470901,political.wedding,available,32.49,32.49,high,low,9,namesilo,,,27/09/2026 04:28
4adfb2f8-587c-4b94-b93e-02fb944b80b9,political.fans,premium,116,116,high,low,9,namesilo,,,27/09/2026 04:28
25a9ac34-e44d-41d5-8590-03ead2add6f1,government.family,premium,118.8,118.8,high,low,10,namesilo,,,24/09/2026 22:50
67aacce1-1b67-419f-af30-6f7d081bac67,government.clothing,available,31.98,35.68,high,low,10,namecheap,,,24/09/2026 22:50
9beec4dc-deb9-4931-bc77-75ea9c368d79,government.mom,available,1.99,27.99,high,low,10,namesilo,,,24/09/2026 22:50
9944cfc3-d275-4c68-b06e-0ab7e66bcf22,government.gallery,available,28.99,28.99,high,low,10,namesilo,,,24/09/2026 22:50
db2c0c29-34ba-4b2e-ab34-9e06636385ab,government.courses,premium,640,640,high,low,10,namesilo,,,24/09/2026 22:50
fdf98273-c68c-495c-9904-1468545681ed,government.download,premium,455,65,high,low,10,namecheap,,,24/09/2026 22:50
752d4607-6ead-4a33-a83f-3119852c84b1,government.casa,available,2.19,12.99,high,low,10,namesilo,,,24/09/2026 22:50
c9574daa-ea2f-454b-b71c-7e6551a65cb3,political.autos,available,1.8,21.98,high,low,9,namecheap,,,27/09/2026 04:28
c3da7f36-eeec-4d47-88d8-0ad37f21077d,government.skin,available,1.8,21.98,high,low,10,namecheap,,,24/09/2026 22:50
b0baf393-6834-4e1d-ad9e-f55fada179a6,political.skin,available,1.99,17.29,high,low,9,namesilo,,,27/09/2026 04:28
1d435afe-c043-439c-8984-e19e7b5e1ffa,political.pub,available,39.99,39.99,high,low,9,namesilo,,,27/09/2026 04:28
46368b78-68fd-4a83-944f-bd773d055038,political.loans,available,20.99,116.99,high,low,9,namesilo,,,27/09/2026 04:28
eb954f19-e580-4ccd-834b-a7eb5718e7c1,government.health,premium,6900,71.4,high,low,10,namesilo,,,24/09/2026 22:50
6d8be7a7-28f7-4a5f-9731-6123a48936ed,government.ooo,premium,13869,119.99,high,low,10,namesilo,,,24/09/2026 22:50
fc9bab90-8aad-434a-a1cb-1b351b852872,political.locker,premium,650,39,high,low,9,namecheap,,,27/09/2026 04:28
a5e71da8-347e-4fa7-af31-4419a392d74f,government.luxe,available,19.49,19.49,high,low,10,namesilo,,,24/09/2026 22:50
a2630c11-a6b8-4b21-81aa-cde8e008f84e,political.audio,available,104.99,114.99,high,low,9,namesilo,,,27/09/2026 04:28
1c79a334-f841-4191-819d-3606b41b4d33,government.kitchen,available,8.98,83.98,high,low,10,namecheap,,,24/09/2026 22:50
41bf4c27-916e-44c2-b20b-2da3fce981ec,political.style,available,16.99,38.99,high,low,9,namesilo,,,27/09/2026 04:28
482a7301-e6c8-4a6e-8b52-5fd08d42ff84,political.hosting,available,309.99,429.99,high,low,9,namesilo,,,27/09/2026 04:28
0088a603-3da1-43bc-9206-2d572b336194,government.charity,available,14.99,23.99,high,low,10,namesilo,,,24/09/2026 22:50
e2d62e88-975e-476a-a11c-0f34c7a54026,political.ing,premium,845,845,high,low,9,namecheap,,,27/09/2026 04:28
d44e6f45-a191-46f9-a704-490a123b5401,government.direct,premium,118.8,118.8,high,low,10,namesilo,,,24/09/2026 22:50
58f9faf9-7528-4920-afca-9577636cb044,political.melbourne,available,58,58,high,low,9,namesilo,,,27/09/2026 04:28
4e8fa0e5-720d-4f89-af0d-4648ab794dc1,political.esq,premium,115.7,115.7,high,low,9,namecheap,,,27/09/2026 04:28
4e9f7c64-ae05-498a-b26e-a8d2ab7c949f,government.hospital,available,57.99,57.99,high,low,10,namesilo,,,24/09/2026 22:50
c04e3336-f5e9-4d2f-bc36-eefa7410bc55,administration.republican,premium,102.67,102.67,high,low,14,spaceship,,,06/10/2026 21:36
c30ba261-8891-4b69-b7d1-2ead3fc273ab,political.viajes,available,43.98,57.98,high,low,9,namecheap,,,27/09/2026 04:28
2bc7c686-43ce-40de-ae0c-cbefd9acbe3d,political.dealer,premium,4278,2660,high,low,9,namesilo,,,27/09/2026 04:28
3bc5074a-e040-4555-b1db-47f002662c3d,government.reise,available,27.89,97.99,high,low,10,namesilo,,,24/09/2026 22:50
957a73c4-7f87-4151-bb29-da425027cba3,political.guitars,available,104.99,114.99,high,low,9,namesilo,,,27/09/2026 04:28
20876ace-6c08-4982-b452-094ae8e562fe,government.sex,available,69.98,154.98,high,low,10,namecheap,,,24/09/2026 22:50
70ce394b-2758-4b28-b93a-20bf83045965,government.study,premium,640,640,high,low,10,namesilo,,,24/09/2026 22:50
3c32733a-8c50-4124-8512-7462871e8f71,political.download,premium,116,29.5,high,low,9,namesilo,,,27/09/2026 04:28
99e286d6-da43-49aa-8061-531662e5d342,government.cn,resell,,,high,low,10,PDR Ltd. d/b/a PublicDomainRegistry.com,,,26/09/2026 06:27
e345ddb2-4e31-4b22-afba-5a19e39e29ea,political.coach,available,17.99,77.99,high,low,9,namesilo,,,27/09/2026 04:28
4c5138af-b41c-4117-8cda-7b32455ad5bf,political.motorcycles,available,1.99,17.29,high,low,9,namesilo,,,27/09/2026 04:28
9c1d7170-9ef1-45ef-b519-e523d2694f94,political.boutique,available,2.98,41.98,high,low,9,namecheap,,,27/09/2026 04:28
54cafab2-bfea-406d-9439-a10c180a3781,government.limo,available,54.99,54.99,high,low,10,namesilo,,,24/09/2026 22:50
bc30e5ee-f161-4717-903d-dfad8bd39628,government.coupons,available,2.98,59.98,high,low,10,namecheap,,,24/09/2026 22:50
af28df1a-cf33-4e27-b1a1-cc7c298b0908,political.surgery,available,54.99,54.99,high,low,9,namesilo,,,27/09/2026 04:28
f610b9d3-404d-416b-bd47-c2e3cf90fe72,government.stream,available,5.25,6.25,high,low,10,namesilo,,,24/09/2026 22:50
50cb833f-1fc0-47f6-9399-a418a9052850,government.car,available,2070,2400,high,low,10,namecheap,,,24/09/2026 22:50
e89a5e83-945a-4f90-a934-2d27e1086ec5,government.cafe,available,7.25,51.99,high,low,10,namesilo,,,24/09/2026 22:50
dd788bb7-5aed-4190-adf6-2d79b2115b85,government.ski,available,27.99,64.99,high,low,10,namesilo,,,24/09/2026 22:50
06ea1417-eb0f-4ca8-a802-f9ae52aec5de,government.works,resell,,,high,low,10,"Spaceship, Inc.",12/05/2014 18:12,12/05/2027 18:12,26/09/2026 06:27
05ee083b-5167-4b77-b253-5fda648e1a30,political.support,resell,,,high,low,9,"Spaceship, Inc.",26/03/2014 16:00,26/03/2027 16:00,27/09/2026 04:28
84d567b0-e083-4715-ab1f-c90a7480aec8,government.events,premium,118.8,118.8,high,low,10,namesilo,,,24/09/2026 22:50
130ead2e-6665-4b37-9cf4-13c70cb225e0,political.clinic,available,20.99,64.99,high,low,9,namesilo,,,27/09/2026 04:28
9b382cd5-8a9f-4506-965d-a1b76edba1f2,government.hosting,available,309.99,429.99,high,low,10,namesilo,,,24/09/2026 22:50
e520497d-5482-4c77-986c-1908ebc05f40,government.dentist,premium,3450,3450,high,low,10,namesilo,,,24/09/2026 22:50
fd97432c-604b-4d5f-a643-17261f962b57,government.fashion,available,32.49,32.49,high,low,10,namesilo,,,24/09/2026 22:50
35213302-2d52-4092-a278-db0fe60e182d,political.plumbing,available,72.99,72.99,high,low,9,namesilo,,,27/09/2026 04:28
6ada0cb8-83ee-4c28-a032-bd048cf18f09,political.game,available,309.99,429.99,high,low,9,namesilo,,,27/09/2026 04:28
baea340e-2afa-45ea-85e6-78cfc78cbb71,political.investments,available,12.99,129.99,high,low,9,namesilo,,,27/09/2026 04:28
23fd86da-2cbf-444f-b950-0f5e79dd8f48,government.melbourne,available,58,58,high,low,10,namesilo,,,24/09/2026 22:50
5375d779-ca37-4c03-a504-352d6b843d46,government.christmas,available,34.99,34.99,high,low,10,namesilo,,,24/09/2026 22:50
7312116c-8699-42d8-aed8-7a6a7af0f662,democracy.voting,available,1398,1448,high,low,9,namecheap,,,29/09/2026 13:54
77c8eda8-a536-4f4c-b9af-9e758bad856c,government.storage,available,509.99,529.99,high,low,10,namesilo,,,24/09/2026 22:50
95ed4837-c92c-4375-88c8-532c8b791ad4,political.restaurant,available,20.99,64.99,high,low,9,namesilo,,,27/09/2026 04:28
2256c195-16a6-4d6b-b46f-776e508edc8d,government.webcam,available,12.98,17.98,high,low,10,namecheap,,,24/09/2026 22:50
fbfc7e3d-fee4-4f70-a0e4-95d2122b43c8,government.pizza,available,17.99,64.99,high,low,10,namesilo,,,24/09/2026 22:50
8df3243d-19ff-42cf-b1e9-415e54132a46,political.beer,available,2.19,32.49,high,low,9,namesilo,,,27/09/2026 04:28
de946682-91f5-40bb-b76b-19a34c15fe37,government.fit,resell,2.99,32.49,high,low,10,"Spaceship, Inc.",03/07/2026 16:34,03/07/2027 16:34,26/09/2026 06:27
72995a57-b4a2-4b4f-8671-87e6d5cee8fb,political.best,available,2.35,22.99,high,low,9,namesilo,,,27/09/2026 04:28
2ff0db3b-54bc-4645-9143-2ae13e228077,political.free,premium,116,116,high,low,9,namesilo,,,27/09/2026 04:28
ac799968-37cd-4c9f-9193-2b6a7fe805d5,political.catering,available,38.99,38.99,high,low,9,namesilo,,,27/09/2026 04:28
c089b516-4086-4b39-9777-f57669eb2a00,policy.inc,premium,2061.5,2660,high,low,6,namesilo,,,07/10/2026 00:15
943acd0f-bfbd-4590-baf4-e12c523829b1,government.makeup,available,1.99,17.29,high,low,10,namesilo,,,24/09/2026 22:50
f234e112-824a-4fb1-bbb2-9917996fc4a6,political.bike,available,12.99,38.99,high,low,9,namesilo,,,27/09/2026 04:28
c3ccf9c3-458d-4aa7-8112-a83f187ee512,policy.games,resell,,,high,low,6,Squarespace Domains II LLC,05/07/2022 23:21,05/07/2028 23:21,07/10/2026 00:15
44d73b11-e105-4d42-9d70-88f2e3274d88,political.engineer,premium,71.4,71.4,high,low,9,namesilo,,,27/09/2026 04:28
442b6985-fc05-4617-8a44-2fab8981b19e,government.graphics,available,22.98,31.98,high,low,10,namecheap,,,24/09/2026 22:50
b810601f-1980-441e-bd99-05108b4e246b,policy.how,premium,89.2,97.68,high,low,6,unstoppable,,,07/10/2026 00:15
79ac2cf2-e03d-4469-95d9-d602b0f9afa8,political.shoes,available,64.99,64.99,high,low,9,namesilo,,,27/09/2026 04:28
8877e97e-55b8-4f45-a35b-b9659f6cadc4,political.contractors,available,36.98,39.98,high,low,9,namecheap,,,27/09/2026 04:28
bd1c3f66-88b0-4981-92d5-92a4a3e6556c,government.cruises,available,56.99,56.99,high,low,10,namesilo,,,24/09/2026 22:50
165f32b4-abcb-42b7-ae0a-2e77bd045d4b,government.supply,available,25.99,25.99,high,low,10,namesilo,,,24/09/2026 22:50
2fd64067-4b0b-411f-ac2e-07ad03efbc88,government.camp,available,62.99,62.99,high,low,10,namesilo,,,24/09/2026 22:50
1e4a4372-e714-4980-9a9e-4b3489cce8a5,political.accountants,available,117.99,117.99,high,low,9,namesilo,,,27/09/2026 04:28
044f8e91-c90d-4c92-9345-e158118dca6e,political.paris,available,66.98,66.98,high,low,9,namecheap,,,27/09/2026 04:28
271bd8b1-edb8-47dc-8cfd-551eb85d27c0,administration.voting,available,1398,1448,high,low,14,namecheap,,,06/10/2026 21:36
e31ea26a-488d-4b98-b70b-94198c19106e,political.dog,available,7.49,64.99,high,low,9,namesilo,,,27/09/2026 04:28
e8fb84b2-7d3e-4dbb-a2ca-29c406273cc4,political.auction,available,36.99,36.99,high,low,9,namesilo,,,27/09/2026 04:28
9e93a6f2-789d-410e-8a27-148b8c8a061e,government.shiksha,available,14.99,51.99,high,low,10,namesilo,,,24/09/2026 22:50
59fdcd38-dce3-4055-b8de-7e8cedc2af69,administration.voto,available,,,high,low,14,,,,08/10/2026 09:16
2508ac9a-1554-4b5e-b503-3383099789d4,policy.travel,available,115.2,115.2,high,low,6,cloudflare,,,07/10/2026 00:15
a43549bb-974e-45a6-ae7d-d4a83f529394,political.sydney,available,58,58,high,low,9,namesilo,,,27/09/2026 04:28
cb05d2b4-b2b4-44fd-afda-69289c1b8dca,politics.voto,premium,128.7,128.7,high,low,8,namecheap,,,27/09/2026 05:03
7acfbea2-2f33-466c-8127-88c029b1681b,government.security,available,1999.99,2049.99,high,low,10,namesilo,,,24/09/2026 22:50
38f5276b-0d76-4ec7-830e-6fe457e0222b,government.software,premium,512,512,high,low,10,namesilo,,,24/09/2026 22:50
b075c6d8-7545-470c-b379-208b970c4d29,policy.archi,available,19.99,103.99,high,low,6,namesilo,,,07/10/2026 00:15
551bbf63-0587-4368-90f2-aa1866e3d23a,political.pictures,available,15.49,15.49,high,low,9,namesilo,,,27/09/2026 04:28
2c790524-b430-4bd1-a147-3b479f431185,political.cn,resell,,,high,low,9,Dynadot Inc,,,27/09/2026 04:28
6ff659d0-6bb3-4e93-b49e-77c37c047f07,election.lgbt,premium,2070.2,2070.2,high,low,8,spaceship,,,29/09/2026 17:51
8469a623-9f42-49f2-bf4d-f13939d40733,election.online,premium,129.58,517.7,high,low,8,spaceship,,,29/09/2026 17:51
19baad83-a728-4fd5-a107-413b1e794324,policy.tickets,available,359.99,488.88,high,low,6,namesilo,,,07/10/2026 00:15
3501c5bd-ad34-4da2-a119-ce958a55a2e9,political.stream,premium,116,29.5,high,low,9,namesilo,,,27/09/2026 04:28
12777d55-40a3-4836-bd4e-abecd1c03d1f,political.red,premium,640,640,high,low,9,namesilo,,,27/09/2026 04:28
e3bc321c-6839-4fad-8761-4f61920a066c,government.tattoo,available,34.99,34.99,high,low,10,namesilo,,,24/09/2026 22:50
563168c3-16ab-4ab7-b330-be49a8f1cc36,political.courses,premium,242,242,high,low,9,namesilo,,,27/09/2026 04:28
8633f594-e7f5-43ae-8a96-21d82064d915,election.systems,available,10.55,28.15,high,low,8,spaceship,,,29/09/2026 17:51
c50bd853-c522-49c3-8925-16b6173933c2,political.fishing,available,32.49,32.49,high,low,9,namesilo,,,27/09/2026 04:28
8a11c406-5487-4606-ba62-67c856d1890a,political.pics,available,1.99,32.49,high,low,9,namesilo,,,27/09/2026 04:28
94f25a43-dca8-4a36-a2a7-a870d9104c01,government.meme,premium,117,117,high,low,10,namecheap,,,24/09/2026 22:50
bfb5f6d8-1da8-422a-82c4-2e829101ab10,policy.fans,premium,384,384,high,low,6,namesilo,,,07/10/2026 00:15
ea95ab9c-ae3a-4415-a35b-f4b554fa12ef,political.tax,available,14.99,67.49,high,low,9,namesilo,,,27/09/2026 04:28
49918dea-a6a6-4486-8c58-adbdc748c3ee,political.lighting,available,22.98,31.98,high,low,9,namecheap,,,27/09/2026 04:28
17a7430b-c01f-4845-ab41-a22c087d18ec,political.furniture,available,27.99,94.99,high,low,9,namesilo,,,27/09/2026 04:28
e25d810b-8c7a-47cc-94a4-e191fa843dc8,political.win,premium,448,53.92,high,low,9,namesilo,,,27/09/2026 04:28
920be8a7-2550-4d3f-98cd-18f21f60e5f8,political.construction,available,38.99,38.99,high,low,9,namesilo,,,27/09/2026 04:28
abdfca6f-82b5-4953-9ac6-8be45cd86177,political.design,premium,116,116,high,low,9,namesilo,,,27/09/2026 04:28
95e25dab-02fa-477d-9531-60330f79f3b9,political.dentist,available,63.98,81.98,high,low,9,namecheap,,,27/09/2026 04:28
b29a503f-1b38-4d17-a83e-854a3676583e,policy.webcam,premium,3450,116,high,low,6,namesilo,,,07/10/2026 00:15
ddc2ff4a-8e32-4689-b616-352d43a364ab,election.ltda,available,30.18,30.18,high,low,8,dynadot,,,29/09/2026 17:51
2d606107-d097-471d-a893-ecff5bafc222,policy.site,premium,1107,1107,high,low,6,namesilo,,,07/10/2026 00:15
5509a39d-ffc4-470e-8dc9-9189af923295,policy.international,premium,78.54,78.54,high,low,6,namesilo,,,07/10/2026 00:15
f37531fb-9be5-4130-bf17-dd8811eb342d,policy.directory,available,4.98,36.98,high,low,6,namecheap,,,07/10/2026 00:15
33b1600b-d3e1-43b2-979e-59a6a2785b34,policy.tattoo,available,2.99,34.99,high,low,6,namesilo,,,07/10/2026 00:15
1db31138-d330-49cc-8d91-4ad237a7602c,policy.restaurant,available,20.99,64.99,high,low,6,namesilo,,,07/10/2026 00:15
b86d1c86-a692-4a05-bf67-9ca33125afc7,political.work,available,2.99,12.99,high,low,9,namesilo,,,27/09/2026 04:28
13127f5c-7aa5-4bdf-92ce-0da6e955c8b1,political.coffee,available,6.98,47.98,high,low,9,namecheap,,,27/09/2026 04:28
d62434a4-ca32-4bce-ae45-e27c6ec55fa3,election.limited,available,37.98,39.98,high,low,8,namecheap,,,29/09/2026 17:51
2b7ba728-157c-4078-afa8-cbda2ab695e2,political.guru,resell,,,high,low,9,"GoDaddy.com, LLC",22/11/2023 18:06,22/11/2026 18:06,27/09/2026 04:28
47614bca-c56c-430e-bd06-8bd9542f21a3,political.gifts,premium,78.54,78.54,high,low,9,namesilo,,,27/09/2026 04:28
008a97e5-b12b-4c39-8cb9-361e4df220b8,politics.ltda,available,34.99,34.99,high,low,8,namesilo,,,27/09/2026 05:03
bd4ca1bb-567e-4cd5-9f74-fa7938f092ad,political.cfd,premium,68.43,147.2,high,low,9,namesilo,,,27/09/2026 04:28
63e591cd-40f8-4bb5-82c6-743f647642f8,policy.live,resell,,,high,low,6,"Sav.com, LLC - 19",27/06/2026 15:15,27/06/2027 15:15,07/10/2026 00:15
3771984d-2227-4ac4-8449-caa0cda5e3f7,political.ski,available,27.99,64.99,high,low,9,namesilo,,,27/09/2026 04:28
94620674-d51c-46b9-a2db-d6be0752ee7f,political.schule,available,29.98,32.98,high,low,9,namecheap,,,27/09/2026 04:28
0449d400-cb2b-4004-9992-20fa37725273,political.reise,available,27.89,97.99,high,low,9,namesilo,,,27/09/2026 04:28
f6f5805c-4caf-4877-b20f-15978ef1293c,policy.furniture,available,23.98,127.98,high,low,6,namecheap,,,07/10/2026 00:15
c960f40d-790a-4493-8ff4-ffbc0f64c98c,policy.pro,resell,,,high,low,6,Unstoppable Domains Inc,01/08/2009 02:44,01/08/2027 00:00,07/10/2026 00:15
e9c0d371-7aa5-428c-a179-592f88f7b946,policy.mov,premium,249.2,257.92,high,low,6,unstoppable,,,07/10/2026 00:15
e52c0f37-fad2-4868-a0aa-4af7b59c441a,political.cooking,available,32.49,32.49,high,low,9,namesilo,,,27/09/2026 04:28
78a69fa7-4871-40ff-bb05-f647224f4402,political.photos,available,15.99,29.99,high,low,9,namesilo,,,27/09/2026 04:28
97f3ed1c-58aa-4798-a256-27543096e5aa,parliament.democrat,available,7.25,32.99,high,low,10,namesilo,,,29/09/2026 07:49
f61f8453-d790-4bc0-9a4c-1b20dad92caf,political.qpon,available,2.19,11.49,high,low,9,namesilo,,,27/09/2026 04:28
695a4299-7c22-4424-a26f-ad2ce8967cac,governance.democrat,available,5.98,41.48,high,low,10,namecheap,,,20/08/2026 17:22
0417f9cc-125e-4d76-a073-15c44ae2a52f,governance.us,resell,,,high,low,10,"GoDaddy.com, LLC",29/08/2012 21:11,28/08/2027 23:59,26/09/2026 06:27
8aa556da-5f67-499c-91d4-410607721390,election.mba,available,30.2,30.2,high,low,8,cloudflare,,,29/09/2026 17:51
6ac01661-5d1e-47a7-a2f6-7666789fd2b8,political.buzz,premium,116,53.92,high,low,9,namesilo,,,27/09/2026 04:28
02c39d7d-7652-4cbb-b7f6-8a2f26034c4d,election.democrat,premium,207.2,207.2,high,low,8,spaceship,,,29/09/2026 17:51
c5961fce-6ab5-44d8-b8b3-75979a67f1a2,policy.voyage,available,58.99,58.99,high,low,6,namesilo,,,07/10/2026 00:15
852487ca-b653-4746-9ef0-adaaaa38c5ac,policy.supplies,available,19.2,19.2,high,low,6,cloudflare,,,07/10/2026 00:15
bdc0d5e1-34ed-40ae-8251-96bf1f9fa060,election.esq,premium,174.1,174.1,high,low,8,porkbun,,,29/09/2026 17:51
429a3f34-3cb0-4dc4-81f3-0fb4d1bf1f16,political.kids,premium,65,23.4,high,low,9,namecheap,,,27/09/2026 04:28
666b9cd0-cd35-4593-bf43-1f94c58210db,policy.mobi,available,3.82,41.6,high,low,6,spaceship,,,07/10/2026 00:15
a122c86b-b470-454f-bfe4-f125a89a4769,election.vegas,available,19.98,64.98,high,low,8,namecheap,,,29/09/2026 17:51
e48ce6d0-e14b-4e86-8c27-110d3174eba8,democracy.pro,resell,,,high,low,9,,,,29/09/2026 13:54
8b22fb2a-9a13-4a26-8d2b-1b47910bc803,democracy.sbs,premium,74.75,149.5,high,low,9,namecheap,,,29/09/2026 13:54
2d36b133-b1a7-4b45-841d-1a5ac3bb0739,political.movie,available,47.99,349.99,high,low,9,namesilo,,,27/09/2026 04:28
952835c3-6a4a-4454-b68d-5d2f16de3841,election.theatre,available,465.95,500.18,high,low,8,spaceship,,,29/09/2026 17:51
baa38e84-b784-4b76-8735-0f2c057a10fa,election.band,available,15.73,25.04,high,low,8,spaceship,,,29/09/2026 17:51
26bce9b8-2ac5-4462-b263-8c4374303885,political.luxury,available,49.99,,high,low,9,name.com,,,27/09/2026 04:28
7be729c5-fa48-4b81-9189-f6b6d067a8b8,democracy.llc,premium,550,550,high,low,9,dynadot,,,29/09/2026 13:54
d43ac5e3-2d9e-43b9-b277-a25ed70076bf,political.jewelry,available,64.99,64.99,high,low,9,namesilo,,,27/09/2026 04:28
d184c6fc-04f6-4262-9600-1a0b2d0095dd,democracy.soy,premium,79.2,,high,low,9,unstoppable,,,29/09/2026 13:54
99be2aa4-c71a-4c13-a8b0-18807d546a42,policy.limited,available,36.99,36.99,high,low,6,namesilo,,,07/10/2026 00:15
0abae844-7939-4bc5-bb28-90b05f3c8695,policy.news,resell,,,high,low,6,"Spaceship, Inc.",20/04/2025 15:16,20/04/2027 15:16,07/10/2026 00:15
e18ac933-7b0d-4f3c-84b8-45657c8036df,political.team,resell,46.48,,high,low,9,"NameCheap, Inc.",01/03/2026 14:44,01/03/2027 14:44,27/09/2026 04:28
b0681fc4-fa9d-4519-bd35-2607d1cdd35c,policy.graphics,available,23.99,23.99,high,low,6,namesilo,,,07/10/2026 00:15
a0c1db7a-b5b4-4b71-8ad9-0621affffff5,political.express,available,12.49,39.99,high,low,9,namesilo,,,27/09/2026 04:28
7cb13c3c-01f3-41e5-bb8b-d0a011715d53,political.fitness,available,8.99,41.99,high,low,9,namesilo,,,27/09/2026 04:28
5e5ee767-0ddd-49ed-8b64-c71638c329ff,administration.vote,available,34.99,90.99,high,low,14,namesilo,,,06/10/2026 21:36
67f06348-3668-45b3-8634-c8522e58436a,election.free,premium,103.7,103.7,high,low,8,spaceship,,,29/09/2026 17:51
c1fa7b0a-91d8-4158-8f06-2a4ace246f7b,democracy.so,available,,,high,low,9,,,,
206a8374-66de-4f69-acc9-8c4fa8b55411,policy.onl,premium,53.92,116,high,low,6,namesilo,,,07/10/2026 00:15
fd00f9c9-be14-4df8-8724-7f3922178eba,policy.enterprises,available,11.49,35.99,high,low,6,namesilo,,,07/10/2026 00:15
a691c4a2-261b-48aa-849b-1d71bd943385,politics.enterprises,available,11.49,35.99,high,low,8,namesilo,,,27/09/2026 05:03
454e5255-9f60-4fb8-8cfa-e4a0e77f9305,policy.sex,available,51.95,98.53,high,low,6,spaceship,,,07/10/2026 00:15
a89f0983-da88-41fc-8fcb-136e2e09a248,politics.mba,available,11.98,49.98,high,low,8,namecheap,,,27/09/2026 05:03
d1eff741-7564-4000-a9e7-2fccce8daf54,democracy.desi,available,19.98,22.98,high,low,9,namecheap,,,29/09/2026 13:54
a3d2a08b-94e4-47f2-8749-0a0a32a65954,election.singles,available,3.31,27.11,high,low,8,spaceship,,,29/09/2026 17:51
e86887d7-9c22-4030-84bb-6f5fef86502c,election.prof,premium,164.77,164.77,high,low,8,spaceship,,,29/09/2026 17:51
c32707ea-d739-4f49-8de6-aa7e9821cfff,election.social,premium,33,34.35,high,low,8,dynadot,,,29/09/2026 17:51
5195632d-b640-4387-9c2c-79c4ec7c12a4,policy.tech,premium,3450,3450,high,low,6,namesilo,,,07/10/2026 00:15
2f11926b-6d8d-4815-9c72-47c5613e2cfc,democracy.sucks,premium,2658.67,2658.67,high,low,9,namesilo,,,29/09/2026 13:54
accf8fb0-b9ce-48bb-beb7-8567fb4dc4b4,election.eco,available,60.59,61.74,high,low,8,dynadot,,,29/09/2026 17:51
ffcf6916-15df-4945-9ad3-d61f518c8590,policy.productions,available,31.2,31.2,high,low,6,cloudflare,,,07/10/2026 00:15
88b6e290-069c-49f1-a493-75c5e1f8f8e5,election.tienda,available,62.98,74.98,high,low,8,namecheap,,,29/09/2026 17:51
823a7609-0c3b-4f8d-8b09-f608014c941c,policy.loan,premium,116,29.5,high,low,6,namesilo,,,07/10/2026 00:15
703086dc-1507-4019-9d1b-18fd0d723bbc,policy.date,available,4.32,5.35,high,low,6,spaceship,,,07/10/2026 00:15
4ba7afac-18b1-49d2-9451-5e11e7d5ffc9,election.recipes,available,4.86,62.3,high,low,8,spaceship,,,29/09/2026 17:51
8a02c7e7-0ab1-43f5-b99b-6ae9c1f153dc,democracy.today,resell,,,high,low,9,"Sav.com, LLC - 16",18/05/2026 15:15,18/05/2027 15:15,29/09/2026 13:54
e33f2f45-84b2-4817-9773-e01e5874870a,administration.zone,available,12.99,38.99,high,low,14,namesilo,,,06/10/2026 21:36
63a50387-0e42-4f5b-bc5c-dff483dcb84c,democracy.show,available,18.99,44.49,high,low,9,namesilo,,,29/09/2026 13:54
411b49b0-3ebe-4b51-ab1c-f5245be363bd,politics.direct,premium,260,260,high,low,8,namecheap,,,27/09/2026 05:03
ad5d99d4-e0cc-42d6-96a2-0f5e9c18d072,politics.ing,premium,455,455,high,low,8,namecheap,,,27/09/2026 05:03
1fb91e1d-e98e-4828-8061-b4cc898acd24,election.forex,available,10.55,83,high,low,8,spaceship,,,29/09/2026 17:51
d7b31c44-45c9-4e92-893e-80e5088d3c60,policy.jewelry,available,51.95,51.95,high,low,6,spaceship,,,07/10/2026 00:15
cd70ec14-d357-4618-8caa-4b709b67453c,policy.blog,premium,129.58,517.7,high,low,6,spaceship,,,07/10/2026 00:15
be8f28d5-a68e-4138-a2f6-80e97ff872ac,policy.style,available,16.99,38.99,high,low,6,namesilo,,,07/10/2026 00:15
fd2e342c-8ad9-4067-92e3-938f537ec852,policy.forex,available,10.55,83,high,low,6,spaceship,,,07/10/2026 00:15
67947b0b-b546-44c5-99f2-b1fa0ddc2017,policy.camera,available,45.2,45.2,high,low,6,cloudflare,,,07/10/2026 00:15
10b16745-8e5e-4350-aead-f1c9140da3b7,policy.world,resell,,,high,low,6,"DNSPod, Inc.",24/06/2018 08:11,24/06/2027 08:11,07/10/2026 00:15
1f79f205-73ff-4e81-b329-322f6ddff5e3,politics.juegos,available,368.98,478.98,high,low,8,namecheap,,,27/09/2026 05:03
3e2f33f0-406f-49f5-bc6e-bce6c64a1549,democracy.party,premium,448,53.92,high,low,9,namesilo,,,29/09/2026 13:54
5533ab34-8321-4e30-b811-c9482360e30d,election.you,premium,55,55,high,low,8,dynadot,,,29/09/2026 17:51
4f26a5d6-bb4c-43cc-a443-9ddd3055b9ef,policy.financial,available,23.99,58.99,high,low,6,namesilo,,,07/10/2026 00:15
6eafa893-4e13-48e8-bbb0-b82b74c19e3d,election.theater,available,50.2,50.2,high,low,8,cloudflare,,,29/09/2026 17:51
7ced51bc-0c15-4a6e-8dcc-38dcdee26869,election.at,resell,,,high,low,8,EWBCD GmbH ( https://nic.at/registrar/750 ),,,29/09/2026 17:51
7c3b7141-223a-4efc-a629-3096819a5f85,democracy.ceo,available,85.2,70.2,high,low,9,cloudflare,,,29/09/2026 13:54
66a6ca49-9b5c-4664-8018-b5cb6f8945aa,democracy.yoga,available,26.08,26.08,high,low,9,spaceship,,,29/09/2026 13:54
207f1a40-87dc-4a49-8267-5affa3f05dd0,policy.guitars,available,104.99,114.99,high,low,6,namesilo,,,07/10/2026 00:15
29d7972e-fd42-4bb3-9aaa-2455bae41abf,administration.io,resell,,,high,low,14,"GoDaddy.com, LLC",26/08/2017 01:24,26/08/2027 01:24,06/10/2026 21:36
d2d08456-93d9-4baf-915e-1833fdc817e4,democracy.nexus,premium,73.75,,high,low,9,name.com,,,29/09/2026 13:54
fd0d5a99-243e-413a-a8fa-86f196f43268,election.photo,available,26.08,26.08,high,low,8,spaceship,,,29/09/2026 17:51
546da24a-0e17-45e0-807f-16535c0a3c10,policy.wedding,available,33.98,43.98,high,low,6,namecheap,,,07/10/2026 00:15
ceb8e3ab-3602-4a50-9de6-13d0db3bd271,policy.football,available,25.99,25.99,high,low,6,namesilo,,,07/10/2026 00:15
98a8bd7e-b9b8-4b95-85a9-a06dd466af1e,election.tires,available,70.2,70.2,high,low,8,cloudflare,,,29/09/2026 17:51
abc59526-c237-41eb-b782-347d62259e5c,politics.rodeo,available,12.99,12.99,high,low,8,namesilo,,,27/09/2026 05:03
b379d9c1-7abb-460c-a600-5d5128eba7bf,policy.cx,available,18.99,18.99,high,low,6,namesilo,,,07/10/2026 00:15
2ac4e6bc-8a64-4e14-a63e-409a93944061,policy.degree,available,52.99,52.99,high,low,6,namesilo,,,07/10/2026 00:15
27fbea66-153f-42da-b56f-6a1c15ec07a5,election.gifts,available,28.2,28.2,high,low,8,cloudflare,,,29/09/2026 17:51
f52d35d1-5bb3-488f-b7b3-ffd7f8256835,election.golf,available,6.41,51.95,high,low,8,spaceship,,,29/09/2026 17:51
83f13814-403d-4408-b59e-4a6802a47217,politics.srl,available,31.99,31.99,high,low,8,namesilo,,,27/09/2026 05:03
0a490fcb-b650-49a0-bf99-ad1b42cf009e,policy.dad,premium,323.7,323.7,high,low,6,namecheap,,,07/10/2026 00:15
3f013be8-304d-48aa-8780-2e6de824407e,policy.gratis,available,18.83,18.83,high,low,6,spaceship,,,07/10/2026 00:15
ac950e6c-db4d-4d93-8543-e3745ea6052c,election.lighting,available,22.98,31.98,high,low,8,namecheap,,,29/09/2026 17:51
79f17ae4-7474-4c66-9dd3-f24eef9861fa,democracy.domains,available,42.99,42.99,high,low,9,namesilo,,,29/09/2026 13:54
8596980b-49a8-4863-aeb0-def8026a8c56,administration.sarl,available,6.99,6.99,high,low,14,namesilo,,,06/10/2026 21:36
44d8f759-a6f0-4d11-8050-a0985e65de35,democracy.support,resell,,,high,low,9,"Spaceship, Inc.",15/06/2026 15:34,15/06/2027 15:34,29/09/2026 13:54
c91c76f8-87b3-4c9b-8b37-c187df2ac185,election.moda,available,10.81,33.47,high,low,8,porkbun,,,29/09/2026 17:51
b451c92b-8617-4c92-a7a2-ef59f6fd4af7,election.glass,available,58.16,58.16,high,low,8,spaceship,,,29/09/2026 17:51
1ff62813-eacd-49d6-b4c9-1eac3b26bbe5,election.black,available,15.73,51.95,high,low,8,spaceship,,,29/09/2026 17:51
bd0e6db2-3292-4ce7-91f9-ffbc89d3a6c1,election.fitness,available,5.66,33.47,high,low,8,porkbun,,,29/09/2026 17:51
b24085d9-7104-42f7-ba85-0196d8817b1f,election.discount,available,24.01,24.01,high,low,8,spaceship,,,29/09/2026 17:51
7ca4448c-c9b0-4379-8ccc-e16b8d70e435,election.viajes,available,35.18,35.18,high,low,8,spaceship,,,29/09/2026 17:51
171e5f01-e0a1-4d8b-b540-06b5898722a0,election.sarl,available,5.38,5.38,high,low,8,spaceship,,,29/09/2026 17:51
f002d2ee-aa4d-4b72-a7f4-52da49d0f884,democracy.doctor,available,14.49,116.99,high,low,9,namesilo,,,29/09/2026 13:54
4031140e-1459-49ec-9e3e-1ec7dfabca71,politics.game,available,309.99,429.99,high,low,8,namesilo,,,27/09/2026 05:03
e2acb204-1717-4771-9904-ba4169bb00e8,democracy.gallery,available,22.97,22.97,high,low,9,spaceship,,,29/09/2026 13:54
fa1ae5b7-e3b3-4226-8c7d-ad04e64b551f,politics.accountants,available,122.98,145.98,high,low,8,namecheap,,,27/09/2026 05:03
685aea6c-1689-4d9a-883b-67e2bf196d2b,politics.fit,resell,,,high,low,8,,,,27/09/2026 05:03
8834c359-2e06-4e02-a2d6-df94e8065f5f,election.dealer,premium,2140.22,2140.22,high,low,8,dynadot,,,29/09/2026 17:51
2ede0bde-6dc2-4640-8036-0017f3e15af4,politics.estate,available,15.99,38.99,high,low,8,namesilo,,,27/09/2026 05:03
3c179ab9-8a1b-451f-9521-ad463a2a7329,policy.delivery,available,2.27,49.88,high,low,6,spaceship,,,07/10/2026 00:15
9cb930fd-3bf5-4c73-b434-1d34da0ce362,democracy.lighting,available,18.83,18.83,high,low,9,spaceship,,,29/09/2026 13:54
8f2ddf1a-3928-4d29-8146-e068f1103750,politics.college,available,17.99,59.99,high,low,8,namesilo,,,27/09/2026 05:03
fc1eaf08-cf7a-43f9-aacc-6d2602fa4660,democracy.talk,premium,71.4,71.4,high,low,9,namesilo,,,29/09/2026 13:54
490d6dbb-d157-4187-a3b6-6b2093d6adf6,democracy.reviews,available,48.2,48.2,high,low,9,cloudflare,,,29/09/2026 13:54
bcca36a8-5b1e-4606-8fab-f49bc8cf80dc,election.blog,premium,517.7,2070.2,high,low,8,spaceship,,,29/09/2026 17:51
77225a28-d465-43b7-9236-d012c5de4d64,politics.press,premium,325,650,high,low,8,namecheap,,,27/09/2026 05:03
78b6c6be-fc2f-4b43-942b-181fb5452909,politics.id,resell,,,high,low,8,,,,27/09/2026 05:03
9cb271fe-7b84-4636-9f06-debd8b8deb93,policy.love,resell,9.99,28.99,high,low,6,"Chengdu West Dimension Digital Technology Co., LTD",19/08/2026 05:40,19/08/2027 05:40,07/10/2026 00:15
a55546fe-f650-4321-a492-993ee5438b24,politics.adult,available,69.98,166.98,high,low,8,namecheap,,,27/09/2026 05:03
d0ef4166-5aae-4b64-b94c-2429b3c2cc28,politics.mortgage,available,62.99,62.99,high,low,8,namesilo,,,27/09/2026 05:03
93a94b58-c8d3-4428-9dfb-2ab15abbdd02,democracy.sarl,available,5.2,5.2,high,low,9,cloudflare,,,29/09/2026 13:54
f37d72ef-62bf-484c-97e4-c39c46ee159f,democracy.reise,available,77.75,77.75,high,low,9,porkbun,,,29/09/2026 13:54
6c40e12e-1104-4750-afa7-dac4fd610837,politics.immobilien,available,39.98,43.98,high,low,8,namecheap,,,27/09/2026 05:03
f4cf3b21-0ff2-498e-9e95-837a56a7bf4a,election.engineer,available,40.98,52.98,high,low,8,namecheap,,,29/09/2026 17:51
543fb5dd-0470-4375-a643-f16e3df30005,election.gripe,premium,34.36,34.36,high,low,8,spaceship,,,29/09/2026 17:51
183c957b-6ba2-434a-8746-79e2e12967fa,politics.cfd,premium,68.43,147.2,high,low,8,namesilo,,,27/09/2026 05:03
787b0fd6-fbc3-4733-9e6d-2b948806ad32,politics.attorney,available,62.99,62.99,high,low,8,namesilo,,,27/09/2026 05:03
6a9fa99f-6b8f-4478-a8bb-a88508626d8a,politics.cleaning,available,75.49,75.49,high,low,8,namesilo,,,27/09/2026 05:03
44fe96c4-7a23-4af3-a7de-7a6b82b3fd2a,politics.onl,premium,53.92,116,high,low,8,namesilo,,,27/09/2026 05:03
55103c6e-e7f6-4b1c-a54c-e58a8f208ba1,democracy.cyou,premium,63.25,126.5,high,low,9,dynadot,,,29/09/2026 13:54
f7cbedc2-26d8-4385-a4c2-758336d98d71,democracy.markets,available,5.38,15.73,high,low,9,spaceship,,,29/09/2026 13:54
adfb4e64-3b22-453f-b931-287e6713d33d,democracy.kids,premium,390,23.4,high,low,9,namecheap,,,29/09/2026 13:54
2280cb16-403b-4858-93cf-b4d1405e2364,election.jetzt,available,18.83,18.83,high,low,8,spaceship,,,29/09/2026 17:51
58f0d3c7-c9f9-4c03-aa7f-56f7188245e5,politics.xxx,resell,,,high,low,8,,,,27/09/2026 05:03
ca170be5-ce2b-4bc8-bdf6-a234b4294e71,policy.review,premium,6900,116,high,low,6,namesilo,,,07/10/2026 00:15
90db09df-8692-4542-9b6a-922678c8749e,policy.miami,premium,41.6,18.83,high,low,6,spaceship,,,07/10/2026 00:15
87f78068-0883-402b-a476-e6f8c42667ee,election.marketing,available,6.41,33.32,high,low,8,spaceship,,,29/09/2026 17:51
707a227a-b5b0-4efb-b83d-61513031601a,election.guide,resell,,,high,low,8,"Spaceship, Inc.",03/12/2018 17:52,03/12/2026 17:52,29/09/2026 17:51
bade702b-dd55-45f6-bc94-a7251869075d,policy.immo,available,28.15,28.15,high,low,6,spaceship,,,07/10/2026 00:15
23453d3c-ef6e-4424-baec-52a55b11dcd2,policy.expert,premium,854,854,high,low,6,namesilo,,,07/10/2026 00:15
222a625c-0154-425b-be5d-9d58002f1f37,democracy.cx,available,18.99,18.99,high,low,9,namesilo,,,29/09/2026 13:54
52f2523b-e085-47eb-b27d-52fdadc52ab5,election.sex,available,95.2,95.2,high,low,8,cloudflare,,,29/09/2026 17:51
c0fc14f3-ea07-457c-bc3e-4d388c9a6d71,democracy.lease,available,43.2,43.2,high,low,9,cloudflare,,,29/09/2026 13:54
ec629b9d-0bef-4f8e-87a9-0fd89a7f6f28,democracy.skin,available,1.8,21.98,high,low,9,namecheap,,,29/09/2026 13:54
73c72bc9-364b-4c63-b2ec-e3d26a372db6,politics.rich,available,94.99,1999,high,low,8,namesilo,,,27/09/2026 05:03
2ee83d09-d9bb-4122-a91a-636837efdc7d,politics.website,premium,1107,1107,high,low,8,namesilo,,,27/09/2026 05:03
aaf6c9d1-692f-4208-8700-b3c777f8e52d,election.net,resell,,,high,low,8,Key-Systems GmbH,06/12/1997 05:00,05/12/2026 05:00,29/09/2026 17:51
765e3d8b-e1f2-4b96-a538-200cb5e2ca73,party.us,resell,,,high,medium,5,"GoDaddy.com, LLC",24/04/2002 14:03,23/04/2027 23:59,26/09/2026 08:02
d68c8fb8-13c9-4ec5-992b-50a7bc857870,politics.cv,premium,1339.98,8.85,high,low,8,namesilo,,,27/09/2026 05:03
643b986d-a26e-4818-800d-25ee73973019,election.reisen,available,16.99,16.99,high,low,8,porkbun,,,29/09/2026 17:51
fb2fcaaf-6fbf-4877-b650-6c55705a9c05,policy.moe,premium,96,14.16,high,low,6,namesilo,,,07/10/2026 00:15
60c4e5b4-1638-4008-b1f0-413ff66674bb,politics.kids,premium,384,21.24,high,low,8,namesilo,,,27/09/2026 05:03
aff73b74-09ea-4d91-a0bc-7808950cf572,politics.futbol,available,7.49,17.99,high,low,8,namesilo,,,27/09/2026 05:03
9d0e4bd3-c2a9-4fbf-93af-397bb8a61179,policy.holiday,available,51.95,51.95,high,low,6,spaceship,,,07/10/2026 00:15
dea3742e-1e6b-465b-bc83-f63eba7b1013,policy.fan,available,6.64,50.51,high,low,6,dynadot,,,07/10/2026 00:15
c079202c-fb89-4a9b-a2bd-bbf6e21e444a,election.cleaning,available,60.23,60.23,high,low,8,spaceship,,,29/09/2026 17:51
47cda0cb-e84d-48ab-9dc5-cc6baceebaa8,democracy.berlin,available,54.82,54.82,high,low,9,dynadot,,,29/09/2026 13:54
51f9f47a-a0fd-4a55-969e-bd4d31c80530,election.spot,premium,103.7,103.7,high,low,8,spaceship,,,29/09/2026 17:51
b5d55827-252b-4960-9ff9-6389d2c37dfe,policy.gay,premium,116,116,high,low,6,namesilo,,,07/10/2026 00:15
876f4043-1c9a-49b3-8a79-defcbbbce872,administration.immobilien,available,8.24,32.32,high,low,14,dynadot,,,06/10/2026 21:36
0e7ebbe9-dbd0-40ad-bdd2-068168a62140,politics.mobile,premium,780,780,high,low,8,namecheap,,,27/09/2026 05:03
a052ce70-9cef-4dbf-9626-117b9c13bfbf,governance.ltda,available,42.98,46.98,high,low,10,namecheap,,,20/08/2026 17:22
9d5e142b-7bde-44f0-90b9-99db1c0ae84f,policy.living,available,1.34,31.25,high,low,6,spaceship,,,07/10/2026 00:15
483b7d2b-a9f8-4d02-946d-8f8d3d42e72e,election.domains,available,44.98,53.98,high,low,8,namecheap,,,29/09/2026 17:51
3be85994-35c5-4852-bc1f-2f22780aecd7,politics.autos,available,1.99,17.29,high,low,8,namesilo,,,27/09/2026 05:03
c385cdd8-cea3-4047-8bb5-3cc52b59266b,election.art,premium,1552.7,72.65,high,low,8,spaceship,,,29/09/2026 17:51
8dd5d514-27be-432b-9442-4f1b02db6f24,governance.at,available,,,high,low,10,,,,
9cf954c4-ef80-4a33-b0bc-2b5757e064eb,policy.co,resell,,,high,low,6,"GoDaddy.com, LLC",23/04/2010 07:09,22/04/2027 23:59,07/10/2026 00:15
09f92ec9-2f0c-44d2-94e8-132cd3e0197c,policy.surf,available,1.98,43.98,high,low,6,namecheap,,,07/10/2026 00:15
bcbceb4e-66ae-44f1-ae0d-ffdbc990ff57,election.care,available,10.03,35.39,high,low,8,spaceship,,,29/09/2026 17:51
480c3177-5df6-4a64-b3e4-e70d884efbcb,politics.agency,resell,,,high,low,8,,,,27/09/2026 05:03
55586fa0-7eae-4f6a-9b92-b7702730029f,administration.land,available,,,high,low,14,,,,08/10/2026 09:16
74e646c9-b2d3-4793-9ae3-7ef50529af45,politics.vana,available,2298,2498,high,low,8,namecheap,,,27/09/2026 05:03
3d79105b-f4f3-4f11-a409-0200951fe4a1,election.delivery,available,2.98,79.98,high,low,8,namecheap,,,29/09/2026 17:51
ba880f11-5c65-4626-9841-c531d2c7c954,policy.reisen,available,16.2,16.2,high,low,6,cloudflare,,,07/10/2026 00:15
cfe38962-5b2c-4610-b689-4c23454b245d,democracy.pub,resell,,,high,low,9,"GoDaddy.com, LLC",26/06/2016 03:50,26/06/2027 03:50,29/09/2026 13:54
5ad880cf-f4d2-4f18-92c9-afbc19893df0,politics.shiksha,available,14.99,51.99,high,low,8,namesilo,,,27/09/2026 05:03
dcdfabe3-fac3-4f5d-be74-95a13c756515,policy.foo,premium,257.92,257.92,high,low,6,spaceship,,,07/10/2026 00:15
b514c0ff-6e34-458c-96e2-4d4692b08983,administration.tienda,available,59.99,59.99,high,low,14,namesilo,,,06/10/2026 21:36
a974ae36-62ce-439e-b532-8816b2b6799f,election.voyage,available,45.2,45.2,high,low,8,cloudflare,,,29/09/2026 17:51
14fa3ddc-7008-45b3-915c-db59bbb90a16,administration.viajes,available,99.99,99.99,high,low,14,namesilo,,,06/10/2026 21:36
1070c19e-26b5-46a6-aed3-b3b343668022,democracy.ltd,available,8.99,30.99,high,low,9,namesilo,,,29/09/2026 13:54
3e5a7157-b5cb-41bc-a1be-b162581b896c,election.supplies,available,19.87,19.87,high,low,8,spaceship,,,29/09/2026 17:51
1bef0c73-7161-40e9-a5ad-15691bba2f21,election.mortgage,available,49.88,49.88,high,low,8,spaceship,,,29/09/2026 17:51
22810b0c-223b-419e-8bf5-6a47b8c7c120,politics.rentals,available,6.98,56.98,high,low,8,namecheap,,,27/09/2026 05:03
e493a4c3-6ac7-4259-8ee8-216598d8e54e,policy.sbs,premium,330,660,high,low,6,dynadot,,,07/10/2026 00:15
24f390c9-8c15-4731-988d-461c885e68d4,democracy.rich,available,94.99,1999,high,low,9,namesilo,,,29/09/2026 13:54
34be260c-2730-40b6-8542-130b8b5bcc75,policy.observer,premium,11.8,11.8,high,low,6,namesilo,,,07/10/2026 00:15
e5ca36e4-9ff0-4784-abea-f3666481c50d,administration.promo,resell,,,high,low,14,IONOS SE,27/11/2025 23:34,27/11/2026 23:34,06/10/2026 21:36
f6d40c34-2501-44d0-b779-b6279ab41e0b,politics.photo,premium,116,116,high,low,8,namesilo,,,27/09/2026 05:03
a50f85da-e3bc-42da-84c7-0fcdf0613999,election.travel,available,23.98,186.98,high,low,8,namecheap,,,29/09/2026 17:51
e38caed4-6ad6-4f5d-8ba9-f3d671de0a71,election.xyz,resell,,,high,low,8,"Sav.com, LLC",19/08/2016 21:53,19/08/2027 23:59,29/09/2026 17:51
05522651-0ddc-493a-9fa0-ed0fc2013c6c,election.adult,available,51.95,98.53,high,low,8,spaceship,,,29/09/2026 17:51
376487ac-ccaf-480e-acc6-bd08fad2945b,policy.theater,available,51.95,51.95,high,low,6,spaceship,,,07/10/2026 00:15
ec80190f-f951-43fa-92cb-bf15d10e8e75,administration.engineer,available,38.99,38.99,high,low,14,namesilo,,,06/10/2026 21:36
b2ace55d-4058-4771-8abc-b15a86491b3b,politics.rest,available,2.19,28.99,high,low,8,namesilo,,,27/09/2026 05:03
998f8b01-fda9-4d44-b79a-c400b6086a42,election.flowers,available,107.22,107.22,high,low,8,dynadot,,,29/09/2026 17:51
1728182c-198c-439f-b723-2a9712787932,administration.soccer,available,25.99,25.99,high,low,14,namesilo,,,06/10/2026 21:36
f5bb074b-473a-4c9c-b4be-392b76f549a1,politics.family,premium,118.8,118.8,high,low,8,namesilo,,,27/09/2026 05:03
05b853b6-31d3-4641-841e-4989cfb28354,administration.contractors,available,28.15,28.15,high,low,14,spaceship,,,06/10/2026 21:36
d7402d89-fec3-45c0-961b-edfe971be277,election.accountants,available,122.98,145.98,high,low,8,namecheap,,,29/09/2026 17:51
1628087b-77a3-4a29-a3cf-b5d2ab8eb221,administration.cards,available,31.25,31.25,high,low,14,spaceship,,,06/10/2026 21:36
0d8c9328-3474-4d66-9e87-da0cbabf6184,democracy.glass,available,60.14,60.14,high,low,9,dynadot,,,29/09/2026 13:54
43e311cd-2885-4342-ba28-ed5a7ae20d22,administration.band,available,,,high,low,14,,,,08/10/2026 09:16
8b49f9b6-8406-4484-a46a-6376611086f7,politics.vodka,available,32.49,32.49,high,low,8,namesilo,,,27/09/2026 05:03
35d0a5e4-b9be-4ae1-8ad4-2909e935dc03,politics.poker,available,10.99,67.99,high,low,8,namesilo,,,27/09/2026 05:03
f2423916-1760-46a6-91ae-bf814d56f33d,governance.voto,available,11.98,86.98,high,low,10,namecheap,,,20/08/2026 17:22
afbfc284-4456-4b6c-888d-3d04531ddc41,administration.biz,premium,29.5,21.24,high,low,14,namesilo,,,06/10/2026 21:36
c59e52fe-3fcb-42bd-bf5e-864fc82ae522,election.vodka,available,25.2,25.2,high,low,8,cloudflare,,,29/09/2026 17:51
61bc1e14-d1d5-4ca5-95d4-c3926e147bdc,democracy.lifestyle,available,4.99,32.32,high,low,9,dynadot,,,29/09/2026 13:54
f4ef0ea0-a9e5-4cc1-bd92-e8d7f121b086,policy.makeup,available,1.24,13.97,high,low,6,spaceship,,,07/10/2026 00:15
1351464f-d663-4525-9e85-74e9e2847006,administration.guitars,available,100.2,100.2,high,low,14,cloudflare,,,06/10/2026 21:36
af02779e-1129-470c-8be0-082e636155ce,election.racing,available,10.18,10.18,high,low,8,cloudflare,,,29/09/2026 17:51
7df6c9d8-37b4-46b0-a274-2d5ce23ed8a2,election.chat,premium,51.43,102.67,high,low,8,spaceship,,,29/09/2026 17:51
61a5d8bf-c25c-4389-9485-e443c147644c,election.pink,available,5.89,20.9,high,low,8,spaceship,,,29/09/2026 17:51
936d3e81-2973-4809-9603-7c8d0245db0e,democracy.baby,available,1.18,51.8,high,low,9,spaceship,,,29/09/2026 13:54
b279b3ef-c811-40c0-95c0-5acee3627384,election.pub,available,31.2,31.2,high,low,8,cloudflare,,,29/09/2026 17:51
941b9da4-b293-4950-bc6c-5c16ee66a07b,policy.srl,premium,54.28,30.68,high,low,6,namesilo,,,07/10/2026 00:15
6290ab20-6bef-4c8e-abf4-5dcbe304ad24,politics.navy,available,41.99,41.99,high,low,8,namesilo,,,27/09/2026 05:03
e3c6c0d4-d65e-43a3-9148-336ebdd6bb48,election.channel,premium,167.7,167.7,high,low,8,namecheap,,,29/09/2026 17:51
44cf73fd-fb0f-4b61-b861-d43c62c72685,democracy.uno,premium,258.95,258.95,high,low,9,spaceship,,,29/09/2026 13:54
664331ff-fee4-4b2e-bd35-177e3642fd96,election.inc,premium,1692.6,2183.84,high,low,8,porkbun,,,29/09/2026 17:51
450df7f8-dd63-4f56-a19d-973577b24381,election.engineering,available,50.2,50.2,high,low,8,cloudflare,,,29/09/2026 17:51
4c4a7e74-6863-40f0-aa93-5a9185d217d4,policy.website,premium,1107,1107,high,low,6,namesilo,,,07/10/2026 00:15
5346ee49-5f69-4bb6-82e7-01e1965be8bb,democracy.dance,available,16.99,27.49,high,low,9,namesilo,,,29/09/2026 13:54
2e5774ac-7a14-4ea8-b94e-71754e7743ec,politics.rocks,premium,78.54,78.54,high,low,8,namesilo,,,27/09/2026 05:03
041b7748-9b52-4f7c-885f-e628c273a267,election.organic,available,10.81,68.49,high,low,8,porkbun,,,29/09/2026 17:51
9a503c46-9d3c-42a7-ae74-dbf522ac8285,politics.builders,available,35.99,35.99,high,low,8,namesilo,,,27/09/2026 05:03
550eb207-5a5f-48bf-9951-70ce84bf49ca,election.luxury,available,26,26,high,low,8,spaceship,,,29/09/2026 17:51
4853334c-edbd-4c8d-96d4-ad388ed15365,administration.llc,available,14.99,42.99,high,low,14,namesilo,,,06/10/2026 21:36
69614385-f05c-42e4-af03-364d807ab7f7,politics.best,available,2.35,22.99,high,low,8,namesilo,,,27/09/2026 05:03
cd20ebed-05d8-4b4d-bb35-c3121053d0d2,policy.dental,available,78.99,78.99,high,low,6,namesilo,,,07/10/2026 00:15
cb712c0c-7129-4113-8d81-57e0f8903137,politics.protection,available,2070,2950,high,low,8,namecheap,,,27/09/2026 05:03
9e15d251-8f55-4c58-b587-d73c2afc4de6,policy.rip,available,23.49,23.49,high,low,6,namesilo,,,07/10/2026 00:15